player_id,player_name,elo_rating
206173,Jannik Sinner,2171.25
104925,Novak Djokovic,2085.21
207989,Carlos Alcaraz,2020.52
103819,Roger Federer,2015.64
104417,Robin Soderling,2013.88
100644,Alexander Zverev,1963.89
105223,Juan Martin del Potro,1930.94
126203,Taylor Fritz,1919.76
106421,Daniil Medvedev,1906.95
106401,Nick Kyrgios,1905.01
102158,Patrick Rafter,1894.75
104745,Rafael Nadal,1889.09
105777,Grigor Dimitrov,1868.46
200282,Alex De Minaur,1866.45
207733,Jack Draper,1857.93
101736,Andre Agassi,1855.39
208029,Holger Rune,1844.06
104053,Andy Roddick,1839.69
101948,Pete Sampras,1835.5
200624,Sebastian Korda,1830.04
126774,Stefanos Tsitsipas,1824.16
126205,Tommy Paul,1822.11
128034,Hubert Hurkacz,1821.38
126610,Matteo Berrettini,1820.58
111575,Karen Khachanov,1804.12
200005,Ugo Humbert,1794.97
104339,Mario Ancic,1783.09
103900,David Nalbandian,1773.15
103888,Mardy Fish,1769.81
101414,Boris Becker,1768.09
207518,Lorenzo Musetti,1767.11
105683,Milos Raonic,1765.87
102765,Nicolas Escude,1764.89
210097,Ben Shelton,1764.87
134770,Casper Ruud,1758.17
104792,Gael Monfils,1755.53
104607,Tomas Berdych,1755.11
207830,Tomas Machac,1754.74
208103,Jiri Lehecka,1753.21
105453,Kei Nishikori,1751.89
200615,Alexei Popyrin,1751.43
105526,Jan Lennard Struff,1750.35
101222,Stefan Edberg,1749.54
111442,Jordan Thompson,1746.84
126094,Andrey Rublev,1746.8
209950,Arthur Fils,1745.78
126207,Frances Tiafoe,1745.5
200000,Felix Auger Aliassime,1742.37
105238,Alexandr Dolgopolov,1731.48
133430,Denis Shapovalov,1726.23
134868,Tallon Griekspoor,1725.04
207925,Flavio Cobolli,1724.13
101990,Richard Krajicek,1722.95
111202,Hyeon Chung,1721.31
103285,Radek Stepanek,1716.01
101529,Michael Stich,1713.73
103507,Juan Carlos Ferrero,1713.05
202103,Francisco Cerundolo,1712.09
202385,Jenson Brooksby,1710.71
103602,Fernando Gonzalez,1708.08
103344,Ivan Ljubicic,1702.93
105138,Roberto Bautista Agut,1702.7
105807,Pablo Carreno Busta,1700.18
103970,David Ferrer,1697.95
103498,Marat Safin,1696.92
102701,Marcelo Rios,1692.1
206909,Brandon Nakashima,1691.22
105676,David Goffin,1687.78
106423,Thanasi Kokkinakis,1687.23
101793,Jim Courier,1686.39
103017,Nicolas Kiefer,1684.19
104338,Juan Monaco,1682.25
105668,Jerzy Janowicz,1680.64
208286,Matteo Arnaldi,1679.44
105227,Marin Cilic,1679.13
106218,Marcos Giron,1678.32
210506,Alex Michelsen,1676.2
104026,Joachim Johansson,1676.08
111815,Cameron Norrie,1674.47
104597,Nicolas Almagro,1674.32
103898,Julien Benneteau,1672.05
200325,Emil Ruusuvuori,1670.52
102882,Mark Philippoussis,1670.48
102450,Tim Henman,1669.25
210150,Jakub Mensik,1668.24
102338,Yevgeny Kafelnikov,1668.06
104871,Jeremy Chardy,1667.86
144684,Alex Molcan,1666.1
101320,Magnus Gustafsson,1656.24
144869,Tomas Martin Etcheverry,1653.84
208659,Giovanni Mpetshi Perricard,1653.11
102562,Jiri Novak,1652.91
104731,Kevin Anderson,1652.4
126128,Roman Safiullin,1652.33
103781,Jurgen Melzer,1652.28
106415,Yoshihito Nishioka,1652.13
103917,Nicolas Mahut,1651.0
124187,Reilly Opelka,1650.78
103566,Michael Llodra,1650.68
126214,Alejandro Tabilo,1649.84
105870,Yannick Hanfmann,1649.4
200221,Alejandro Davidovich Fokina,1647.59
144707,Mikael Ymer,1643.28
101774,Todd Martin,1639.58
102863,Takao Suzuki,1639.43
105916,Marton Fucsovics,1639.41
103720,Lleyton Hewitt,1638.01
200175,Miomir Kecmanovic,1637.92
102419,Christophe Van Garsse,1637.18
102563,Thomas Johansson,1636.06
126846,Aleksandar Vukic,1634.98
106426,Cristian Garin,1634.93
105577,Vasek Pospisil,1634.83
101962,Younes El Aynaoui,1634.81
102344,Karol Kucera,1634.81
101727,Jason Stoltenberg,1634.17
209098,Hamad Medjedovic,1633.88
103264,Mariano Puerta,1633.56
122298,Botic Van De Zandschulp,1633.04
136440,Dominik Koepfer,1632.83
102257,Greg Rusedski,1632.67
106148,Roberto Carballes Baena,1631.0
105656,Marcelo Arevalo,1630.32
101723,Magnus Larsson,1629.99
126239,Arthur Rinderknech,1629.92
104076,Jose Acasuso,1629.65
102148,Fabrice Santoro,1629.47
104571,Marcos Baghdatis,1628.89
102854,Sjeng Schalken,1625.2
101084,Jakob Hlasek,1625.17
103758,Taylor Dent,1624.63
105723,Andrey Kuznetsov,1623.06
104545,John Isner,1623.02
103786,Nikolay Davydenko,1623.02
111797,Nicolas Jarry,1623.01
132686,Nuno Borges,1622.16
103828,Jean Julien Rojer,1621.76
111190,Zhizhen Zhang,1621.58
102025,Mikael Tillstrom,1621.42
132283,Lorenzo Sonego,1621.41
105575,Ricardas Berankis,1621.2
105583,Dusan Lajovic,1620.92
102644,Franco Squillari,1620.42
101434,Petr Korda,1619.79
111581,Michael Mmoh,1619.69
102887,Ramon Delgado,1619.68
122330,Alexander Bublik,1619.26
102233,Leander Paes,1619.04
202104,Sebastian Baez,1619.03
104620,Simone Bolelli,1618.85
127339,Borna Gojo,1618.16
104547,Horacio Zeballos,1618.16
103401,Jan Hernych,1617.01
103813,Jarkko Nieminen,1616.83
206681,Fabian Marozsan,1616.82
103484,James Blake,1616.66
101965,Wayne Ferreira,1616.38
104180,Gilles Muller,1615.84
102271,Hicham Arazi,1615.74
104468,Gilles Simon,1615.16
104542,Jo-Wilfried Tsonga,1614.92
104918,Andy Murray,1612.92
102845,Carlos Moya,1610.78
104527,Stan Wawrinka,1610.39
102959,Marko Tkalec,1610.21
103600,Mohammad Ghareeb,1609.64
104523,Frederico Gil,1609.45
209992,Juncheng Shang,1608.04
102286,Wayne Black,1607.95
103387,Paradorn Srichaphan,1607.54
101897,Fernando Meligeni,1607.5
103598,Xavier Malisse,1607.13
111513,Laslo Djere,1606.54
101611,Cedric Pioline,1606.54
125802,Ilya Ivashka,1605.84
102610,Albert Costa,1605.56
102456,Felix Mantilla,1605.08
211663,Joao Fonseca,1604.93
103163,Tommy Haas,1604.27
102446,Andrei Medvedev,1603.97
111577,Jared Donaldson,1603.62
111460,Quentin Halys,1602.47
106378,Kyle Edmund,1602.27
106331,Christopher Oconnell,1601.62
101885,Wayne Arthurs,1601.53
105985,Darian King,1600.59
208502,Dominic Stricker,1600.57
104332,Philipp Petzschner,1600.21
106432,Borna Coric,1600.09
102259,Jerome Golmard,1599.4
111456,Mackenzie Mcdonald,1598.74
105357,John Millman,1597.87
126127,Benjamin Bonzi,1597.42
207686,Alexander Shevchenko,1596.41
104976,Ryan Sweeting,1596.41
105732,Pierre Hugues Herbert,1596.18
101991,Mauricio Hadad,1596.03
207352,Bu Yunchaokete,1596.01
104259,Philipp Kohlschreiber,1595.49
105992,Ryan Harrison,1595.28
104898,Robin Haase,1595.22
102110,Daniel Nestor,1594.84
103325,Wesley Moodie,1594.33
101404,Thomas Muster,1593.56
103581,Flavio Saretta,1593.55
102703,Hyung Taik Lee,1593.08
103656,Albert Montanes,1592.07
205734,Thiago Seyboth Wild,1592.03
104273,Edouard Roger-Vasselin,1591.91
106058,Jack Sock,1591.59
200267,Zizou Bergs,1591.4
100955,Yahiya Doumbia,1589.92
105936,Filip Krajinovic,1589.12
208014,Rinky Hijikata,1588.74
200059,Yibing Wu,1588.55
126952,Soon Woo Kwon,1587.79
101613,Malivai Washington,1586.35
106175,Ricardo Rodriguez,1585.49
103812,Victor Hanescu,1585.41
104926,Fabio Fognini,1585.17
111794,Kamil Majchrzak,1585.12
106298,Lucas Pouille,1584.81
104327,Steve Darcis,1584.51
106234,Aslan Karatsev,1583.33
103990,Tommy Robredo,1582.63
108532,Worapol Thongkamcho,1582.62
102369,Julien Boutter,1582.48
101964,Goran Ivanisevic,1581.97
144895,Corentin Moutet,1581.78
103789,Irakli Labadze,1580.75
103504,Febi Widhiyanto,1579.98
102035,Jonas Bjorkman,1579.84
104534,Dudi Sela,1579.4
106329,Thiago Monteiro,1579.29
105173,Adrian Mannarino,1578.15
106071,Bernard Tomic,1578.02
200436,Zsombor Piros,1576.69
104897,Matthias Bachinger,1576.06
124116,Sebastian Ofner,1575.62
103193,Peter Wessels,1575.4
103084,Guillermo Canas,1575.27
101191,Richey Reneberg,1575.17
104586,Lukas Rosol,1575.07
102029,Filip Dewulf,1574.81
101318,Javier Frana,1574.81
103428,Juan Ignacio Chela,1574.26
102179,Antony Dupuis,1574.09
106078,Egor Gerasimov,1573.83
124186,Alexandre Muller,1573.77
102401,Scott Draper,1573.75
102521,Hendrik Dreekmann,1573.49
103824,Orest Tereshchuk,1573.38
102839,Nicolas Lapentti,1573.31
102107,Jan Frode Andersen,1573.12
103096,Arnaud Clement,1573.0
200384,Hugo Gaston,1572.72
105379,Aljaz Bedene,1572.7
102740,Francisco Rodriguez,1572.58
104471,Ivan Dodig,1572.1
105373,Martin Klizan,1572.1
104460,Dustin Brown,1571.68
104395,Marcel Felder,1571.52
105449,Steve Johnson,1571.32
144750,Lloyd Harris,1571.22
105464,Christopher Rungkat,1571.06
106233,Dominic Thiem,1570.88
103151,Mariano Zabaleta,1570.81
100656,Ivan Lendl,1570.59
103752,Simon Greul,1570.43
133297,Yosuke Watanuki,1570.03
103612,Alexey Kedryuk,1569.66
103171,Raemon Sluiter,1569.0
200303,Pavel Kotov,1568.7
105385,Donald Young,1568.67
106210,Jiri Vesely,1568.39
105023,Sam Querrey,1568.34
102905,Stefan Koubek,1567.53
102202,Kenneth Carlsen,1566.79
104068,Robby Ginepri,1566.67
104499,Jimmy Wang,1566.42
104813,Grega Zemlja,1566.21
102358,Thomas Enqvist,1566.15
104386,Janko Tipsarevic,1565.96
103909,Guillermo Coria,1565.69
102642,Cyril Saulnier,1565.59
133835,Gijs Brouwer,1565.38
104025,Amer Delic,1565.16
101601,Brett Steven,1564.55
105550,Guido Pella,1564.28
104719,Marcel Granollers,1563.35
104631,Harshana Godamanna,1563.02
105051,Matthew Ebden,1562.81
103632,Luis Horna,1562.8
126646,Tim Van Rijthoven,1562.09
101884,Frank Ofori,1562.02
103808,Potito Starace,1561.99
207608,Timofey Skatov,1561.81
101647,Byron Black,1561.79
126845,Max Purcell,1561.51
104098,Dmitry Tursunov,1561.44
104735,Tobias Kamke,1561.06
106186,Jason Kubler,1560.64
102162,Chris Woodruff,1560.15
103337,Ben Qiang Zhu,1559.96
102556,Claude Ngoran,1559.59
103451,Bjorn Phau,1558.97
111153,Christopher Eubanks,1558.84
102834,Paul Goldstein,1558.82
104655,Pablo Cuevas,1558.44
102796,Magnus Norman,1558.32
105946,Liang Chi Huang,1558.0
209070,Arthur Cazaux,1557.71
105657,Marius Copil,1557.67
105217,Thiemo De Bakker,1557.47
104604,Ruben Gonzales,1557.05
209113,Gabriel Diallo,1556.95
133975,Benjamin Hassan,1556.66
210530,Learner Tien,1556.16
105079,Ivan Sergeyev,1555.75
103694,Olivier Rochus,1555.69
103176,David Sanchez,1555.57
106296,Gregoire Barrere,1555.36
102928,Hee Seok Chung,1555.1
106109,Alex Bolt,1554.96
105790,Yong Kyu Lim,1554.87
104233,Frederik Nielsen,1554.31
104978,Daniel Brands,1554.28
105255,Bassam Beidas,1554.13
102277,Bing Chao Lin,1553.89
104594,Marinko Matosevic,1553.89
123795,Altug Celikbilek,1553.59
101776,Sandon Stolle,1553.53
101235,Paul Haarhuis,1553.2
131934,Andrea Vavassori,1553.1
103166,Vladimir Voltchkov,1552.88
104724,Eduardo Schwank,1552.52
101733,Jan Siemerink,1552.16
102860,Agustin Calleri,1551.89
104678,Viktor Troicki,1551.88
105649,Cedrik Marcel Stebe,1551.79
102227,Sargis Sargsian,1551.56
104965,Pavol Cervenak,1551.39
103206,Sebastien Grosjean,1551.37
101820,Marc Rosset,1550.91
103066,Mark Nielsen,1550.8
101062,Mats Wilander,1550.66
101651,Owen Casey,1549.89
106281,Liam Broady,1549.61
104660,Sergiy Stakhovsky,1549.12
102100,Bartlomiej Dabrowski,1548.78
101717,Diego Nargiso,1548.59
104639,Wayne Odesnik,1548.48
110685,G D Jones,1548.26
209260,Luciano Darderi,1547.69
103060,Alejandro Hernandez,1547.49
104535,Daniel Garza,1547.47
104214,Igor Andreev,1547.4
103739,Jose De Armas,1547.4
105881,Matthew Barton,1546.98
103103,Dominik Hrbaty,1546.9
105558,Guillaume Rufin,1546.78
102856,Gustavo Kuerten,1546.58
104198,Guillermo Garcia Lopez,1546.52
105226,Attila Balazs,1546.25
209209,Filip Misolic,1545.88
105032,Sam Groth,1545.85
103529,Aisam Ul Haq Qureshi,1545.82
102462,Bryan Juinio,1545.58
104651,Martin Alund,1545.51
207680,Facundo Diaz Acosta,1545.32
101932,Jared Palmer,1545.16
104467,Lamine Ouahab,1545.04
101334,Alexander Volkov,1545.03
104368,Daniel King Turner,1545.03
103638,Jhonson Garcia,1544.85
200273,Hady Habib,1544.77
104252,Florian Mayer,1543.9
103280,Martin Verkerk,1543.34
104229,Yen Hsun Lu,1543.14
101889,Todd Woodbridge,1543.09
104166,Alex Bogomolov Jr,1543.07
105456,Sergio Galdos,1542.91
104589,Chris Guccione,1542.88
103590,Michael Quintero,1542.78
104210,Ryan Russell,1542.71
106249,Joao Domingues,1542.62
105554,Daniel Evans,1542.26
200670,J J Wolf,1541.88
104869,Sergei Bubka,1541.79
102374,Alex Corretja,1541.75
208363,Mariano Navone,1541.51
104292,Izak Van Der Merwe,1541.35
103997,Lukasz Kubot,1541.23
105430,Radu Albot,1541.18
106033,Romain Arneodo,1541.06
102656,Tommi Lenho,1540.98
105208,Ernests Gulbis,1540.56
106162,Franco Agamenone,1540.45
102783,Rainer Schuettler,1540.4
105376,Peter Gojowczyk,1540.02
105004,Dimitar Kutrovsky,1539.91
104330,Rajeev Ram,1539.23
102934,Nicolas Coutelot,1539.23
105095,Evgeny Korolev,1538.59
105064,Thomaz Bellucci,1538.57
101895,Michael Brown B395,1538.31
202058,Thiago Agustin Tirante,1538.3
104500,Somdev Devvarman,1537.93
103110,Daniele Bracciali,1537.79
207797,Jonas Forejtek,1537.77
104305,Luka Gregorc,1537.67
108844,Hamed Ul Haq,1537.38
102021,Michael Chang,1537.33
126149,Gianluca Mager,1537.28
104721,Josselin Ouanna,1537.23
103227,Mariano Sanchez,1537.19
104043,Marc Lopez,1537.02
102087,Oleg Ogorodov,1536.97
102395,Ville Liukko,1536.75
101888,Daniel Vacek,1536.51
103175,Toshihide Matsui,1536.41
105041,Lukas Lacko,1536.04
104167,Todd Widom,1535.67
124079,Pedro Martinez,1535.62
126555,Tung Lin Wu,1535.52
106026,Yuki Bhambri,1535.25
104312,Andreas Seppi,1534.97
102320,Lazaro Navarro Batles,1534.81
100431,Mansour Bahrami,1534.76
126106,Ryan Peniston,1534.73
102104,Christian Ruud,1534.57
101484,Vladimir Gabrichidze,1534.38
105820,Juan Carlos Saez,1534.35
200514,Jurij Rodionov,1534.34
103188,Michael Russell,1534.19
105386,Janez Semrajc,1534.07
126129,Billy Harris,1533.36
104593,Daniel Gimeno Traver,1532.73
105074,Ruben Bemelmans,1532.6
111181,Pruchya Isarow,1532.59
104673,Julio Cesar Campozano,1532.59
102811,Dusan Vemic,1532.57
105912,Diego Galeano,1532.2
108701,Juan Sebastian Cabal,1532.17
102607,Juan Balcells,1531.96
101532,Francisco Clavet,1531.88
103850,Sebastian Decoud,1531.63
103527,Julien Jeanpierre,1531.53
209284,Elmer Moller,1531.45
103292,Gaston Gaudio,1531.43
208233,Mattia Bellucci,1531.4
102506,Quino Munoz,1531.4
103333,Ivo Karlovic,1531.3
101792,Slava Dosedel,1531.21
103913,Ian Flanagan,1531.0
202320,Beibit Zhukayev,1530.96
208010,Pablo Llamas Ruiz,1530.69
103746,Miguel Gallardo Valles,1530.51
104583,Filip Polasek,1530.37
106065,Marco Cecchinato,1530.25
202261,Otto Virtanen,1530.03
120401,Tucker Vorster,1530.0
101185,Mark Woodforde,1529.96
104352,Colin Obrien,1529.75
127157,Daniel Altmaier,1529.6
101703,Guillaume Raoux,1529.58
105902,James Duckworth,1529.54
104268,Alejandro Falla,1529.48
102716,Maxime Huard,1529.36
101725,Gabriel Markus,1529.36
102093,Martin Damm,1528.97
103184,Bob Bryan,1528.93
102318,Andrei Pavel,1528.92
104379,Todd Reid,1528.72
102106,Davide Sanguinetti,1528.66
103514,Young Jun Kim,1528.23
103821,Danai Udomchoke,1528.1
101843,Sergi Bruguera,1528.05
103499,Aqeel Khan,1528.05
105643,Federico Delbonis,1527.59
103515,Filip Aniola,1527.31
200318,Yu Hsiou Hsu,1527.29
101349,Adam Malik,1527.29
104910,Tihomir Grozdanov,1527.16
111761,Benjamin Lock,1527.07
104371,Ivo Minar,1526.67
122533,Nam Hoang Ly,1526.57
103356,Michel Kratochvil,1526.28
103065,Kepler Orellana,1526.02
104559,Teymuraz Gabashvili,1525.85
101196,Derrick Rostagno,1525.84
104086,Mikhail Filima,1525.56
103050,Shahab Hassani Nafez,1525.48
104200,Juan Manuel Elizondo,1525.31
210312,Oliver Ojakaar,1525.0
108973,Carl Sundberg,1524.99
100653,Andres Gomez,1524.98
108593,Wing Luen Wong,1524.93
105028,Jesse Levine,1524.91
104823,Bruno Rodriguez,1524.88
206470,Cezar Cretu,1524.84
104112,Benjamin Balleret,1524.75
104421,Martin Vilarrubi,1524.61
210012,Henrique Rocha,1524.57
103593,Marcelo Barboza,1524.52
103946,Bruno Soares,1524.51
144821,Genaro Alberto Olivieri,1524.45
106361,Adam Pavlasek,1524.41
104360,Adam Chadaj,1524.39
101976,Federico Dondo,1524.31
210142,Olaf Pieczkowski,1524.1
104609,Omar Hedayet,1524.08
102238,Alberto Berasategui,1524.01
105961,David Souto,1524.01
106021,Dragos Dima,1523.97
108693,Romano Tatuhey,1523.94
106075,Jozef Kovalik,1523.92
104196,Carlos Cuadrado,1523.79
101156,Juan Pino,1523.78
102331,Ilou Lonfo,1523.75
106216,Bjorn Fratangelo,1523.7
102558,Eric Taino,1523.66
101367,Igor Saric,1523.63
102737,Gergely Kisgyorgy,1523.46
105932,Nikoloz Basilashvili,1523.31
105573,Henri Kontinen,1523.22
103538,James Auckland,1523.21
102053,Brian Macphie,1523.08
104496,Luis Manuel Flores,1522.99
104958,Carsten Ball,1522.96
104051,Andrej Kracman,1522.93
144719,Jaume Munar,1522.84
104146,Jonathan Chu,1522.75
207678,Juan Manuel Cerundolo,1522.51
104928,Sun Yong Kim Jr,1522.49
200272,Jean Jacques Rakotohasy,1522.48
108847,Jahanbakhsh Souri,1522.42
103902,Jan Mertl,1522.38
101806,Marc Kevin Goellner,1522.21
105477,Marco Trungelliti,1522.16
105216,Yuichi Sugita,1522.02
102549,Rolandas Murashka,1521.95
104071,Raven Klaasen,1521.94
104433,Frank Dancevic,1521.93
105815,Tennys Sandgren,1521.9
106120,Ricardo Ojeda Lara,1521.89
105413,Andrej Martin,1521.88
127760,Lukas Klein,1521.82
104217,Simon Stadler,1521.75
103063,Sebastien De Chaunac,1521.61
104600,Treat Conrad Huey,1521.6
103393,Yuri Schukin,1521.46
106328,Christian Harrison,1521.18
133933,Thomas Yaka Kofi Setodji,1521.15
104585,Gyorgy Balazs,1521.12
101495,Miguel Tobon,1521.0
108607,Andrei Luzgin,1520.87
207669,Robert Strombachs,1520.83
209414,Luca Van Assche,1520.8
101609,David Wheaton,1520.71
101901,Chuck Adams,1520.35
103031,Julian Alonso,1520.27
105053,Santiago Giraldo,1520.25
126190,Nicolas Alvarez,1520.24
103722,Florent Serra,1520.2
208230,Alibek Kachmazov,1520.16
108717,Francis Casey Alcantara,1520.08
104424,Go Soeda,1519.54
208843,Jerome Kym,1519.48
105149,Reda El Amrani,1519.45
200416,August Holmgren,1519.26
101358,Olivier Delaitre,1519.15
106408,Mario Vilella Martinez,1519.12
102617,Kim Tiilikainen,1518.93
110748,Nikola Milojevic,1518.81
102539,Bohdan Ulihrach,1518.72
103252,Alberto Martin,1518.44
103224,Zeljko Tosic,1518.32
104999,Mischa Zverev,1518.27
104561,Jae Sung An,1518.19
104895,Abdullah Maqdas,1518.09
103794,Benjamin Becker,1517.98
209931,Lukas Pokorny,1517.91
103439,Dimitri Mazur,1517.83
101833,Michael Tebbutt,1517.8
103287,Krystian Pfeiffer,1517.7
103018,Max Mirnyi,1517.68
104947,Marsel Ilhan,1517.67
102998,Jan Michael Gambill,1517.49
127300,Jurabek Karimov,1517.46
104476,Louk Sorensen,1517.46
101979,Ricardo Mena,1517.43
206782,Demetris Azoides,1517.32
207681,Francisco Comesana,1517.31
200008,Alexis Galarneau,1517.28
102024,Hernan Gumy,1517.19
106397,Wishaya Trongcharoenchaikul,1517.16
104291,Malek Jaziri,1517.03
209080,Blaise Bicknell,1517.0
104209,Rainer Eitzinger,1516.98
102632,Michal Gawlowski,1516.96
104548,Brian Baker,1516.86
102036,Marco Osorio,1516.68
103701,Diego Hartfield,1516.61
102469,Solon Peppas,1516.61
102968,Jonathan Erlich,1516.54
105487,Facundo Bagnis,1516.29
103077,Konstantinos Economidis,1516.28
108688,Martin Sayer,1516.16
104008,Carlos Avellan,1516.16
106390,Matteo Donati,1516.13
104122,Carlos Berlocq,1516.11
212063,Matej Dodig,1516.06
106043,Diego Schwartzman,1516.02
102327,Adam Skrzypczak,1515.89
105012,Alexander Bury,1515.85
102533,Jens Knippschild,1515.78
108640,Mik Ledvonova,1515.66
104515,Mathieu Montcourt,1515.64
104040,Adam Thompson,1515.52
104919,Leonardo Mayer,1515.46
102835,Luke Milligan,1515.34
104477,Jorge Aguilar,1515.21
102167,Juan Albert Viloca Puig,1515.19
100991,Johnny Goudenbour,1515.17
103197,John Doran,1515.09
120424,Yannick Maden,1514.95
104224,Travis Rettenmaier,1514.89
105113,Patrik Rosenholm,1514.84
101958,Pierre Bouteyre,1514.76
101348,Dave Randall,1514.75
108960,Michael Lai,1514.57
106000,Damir Dzumhur,1514.51
134472,Antoine Bellier,1514.5
105650,Marcus Willis,1514.32
109739,Maximilian Marterer,1514.32
207799,Matheus Pucinelli De Almeida,1514.31
104633,Mathieu Rodrigues,1514.29
103751,Jonas Froberg,1514.28
102143,Nicolas Thomann,1514.27
104383,Diogo Rocha,1514.24
102272,Branislav Galik,1514.21
104763,Rafael Arevalo,1514.21
102448,Ali Hamadeh,1514.18
111200,Elias Ymer,1514.13
105806,Mirza Basic,1514.08
104342,Matias Silva,1513.98
117348,Y Wang,1513.83
101735,Richard Fromberg,1513.81
126762,Aleksandre Bakshi,1513.81
108764,Chris Brandi,1513.78
103226,Walid Jallali,1513.58
102152,Pablo Campana,1513.5
108845,Farhad Tadayon,1513.49
105273,Mauricio Echazu,1513.48
102477,Gaston Etlis,1513.48
126502,Luis Diego Chavez Villalpando,1513.47
102706,Wei Yu Su,1513.43
198661,Luis Felipe Noriega,1513.38
125571,Christian Garay,1513.37
102826,Muhammad Khaliq Siddiq,1513.36
101677,Zoran Sevcenko,1513.32
108656,Simon Shen,1513.16
101098,Guy Forget,1513.08
122669,Juan Pablo Varillas,1512.98
105406,Roberto Marcora,1512.96
210721,Iliyan Radulov,1512.95
103407,Matt Klinger,1512.92
209119,Aissa Benchakroun,1512.86
211638,Jack Loutit,1512.8
102725,Kasper Warming,1512.79
101195,Amos Mansdorf,1512.7
102787,Si Bruce Li,1512.59
108679,Jose Bernard,1512.57
207772,Yuttana Charoenphon,1512.53
105036,Hyun Joon Kim,1512.51
104474,Leonardo Kirche,1512.5
108355,Taras Beiko,1512.5
210105,Martyn Pawelski,1512.5
108953,Juan Lorenzo Gonzalez,1512.5
134302,Mantas Bugailiskis,1512.5
108826,Isaac Tetteh Quaye,1512.5
108794,Arthur Konan,1512.5
108648,Michael Mora,1512.5
106350,Andre Gaspar Murta,1512.5
108903,Laurent Hild,1512.5
108894,Pau Gerbaud Farras,1512.5
212721,Benedict Badza,1512.5
106262,Boris Arias,1512.5
100682,Ernie Fernandez,1512.5
202210,Edris Fetisleam,1512.5
134217,Skyler Butts,1512.5
126473,Aljaz Radinski,1512.5
103727,Daniel Langre,1512.5
124126,Sarp Agabigun,1512.5
105578,Cristian Rodriguez,1512.5
108850,Renouk Wijemanne,1512.5
104175,Matija Zgaga,1512.5
108664,Martin Stiegwardt,1512.5
108619,Jad Ayoub,1512.5
149283,Freddy Murray,1512.5
200014,Digvijaypratap Singh,1512.5
149285,Mustapha El Natour,1512.5
210178,Juan Carlos Prado Angelo,1512.5
211468,Luis Carlos Alvarez Valdes,1512.5
106194,Nutthanon Kadchapanan,1512.5
109336,Ayoub Chakrouni,1512.5
103043,Coenie Van Wyk,1512.5
105773,Bruno Abdel Nour,1512.5
108964,Faisal Aidil,1512.5
208414,Sylvestre Monnou,1512.5
209188,Ari Fahresi,1512.5
103826,Carlos Palencia,1512.42
108919,Michael Ray Pallares Gonzalez,1512.42
104665,Pablo Andujar,1512.4
210200,Yanaki Milev,1512.4
108784,Kevin Kung,1512.39
102880,Alexander Popp,1512.35
101696,Federico Mordegan,1512.33
209362,Aristotelis Thanos,1512.28
144681,Niki Kaliyanda Poonacha,1512.25
104495,Florin Mergea,1512.23
104557,Andis Juska,1512.19
103220,Oh Hee Kwon,1512.18
105488,Jose Benitez,1512.13
104249,Marcelo Melo,1512.1
104858,Enrique Olivares,1512.1
107689,Mark Gurr,1512.07
108658,Yanquiel Medina Sobrino,1512.06
108277,Srdan Muskatirovic,1512.06
108877,Helge Rosjo,1512.06
108928,Saeid Ahmadvand,1512.05
106886,Dmitro Tolok,1512.05
103316,Victor Romero,1512.05
108889,Marc Vilanova,1512.04
200537,Nicolas Xiviller,1512.04
108744,Rodrigo Rappaccioli,1512.03
103142,Mohamed Wafa,1512.03
208057,Diego Fernandez Flores,1512.03
103020,Guillermo Carter,1512.02
106387,Mazen Osama,1512.01
108783,Daniel Llarenas,1512.0
105681,Soong Jae Cho,1512.0
138845,Anthony Jackie Tang,1511.99
106664,Brian Hung,1511.97
200329,Remy Bertola,1511.96
208937,Kasidit Samrej,1511.95
104256,Clement Reix,1511.93
102967,Marc Gicquel,1511.84
102552,Baris Ergun,1511.83
117349,F Egyir,1511.65
108742,Siu Fai Kelvin Lam,1511.63
209354,Ioannis Xilas,1511.58
209964,Liova Ayite Ajavon,1511.57
103420,Michal Tabara,1511.55
104738,Caio Zampieri,1511.54
125781,Rogelio Siller,1511.54
107586,Lui Pang,1511.51
105572,Austin Krajicek,1511.43
200748,Andres Andrade,1511.41
106237,Chieh Fu Wang,1511.34
126613,Bogdan Borza,1511.29
202235,Jacopo Berrettini,1511.28
101589,Arnaud Boetsch,1511.26
108672,William Lock,1511.25
104979,Andrey Golubev,1511.22
103323,Thomas Heyerdahl,1511.22
103424,Tobias Clemens,1511.22
106991,Farshad Talavar,1511.18
122321,Marat Deviatiarov,1511.09
109737,Markos Kalovelonis,1511.03
108947,West Nott,1510.96
207985,Jacob Fearnley,1510.89
108854,George Mcgill,1510.82
100943,Girts Dzelde,1510.77
126174,Youssef Hossam,1510.76
104755,Richard Gasquet,1510.71
105052,Chris Eaton,1510.71
102571,Gregory Carraz,1510.66
108852,Asiri Iddamalgoda,1510.65
101382,Marcelo Filippini,1510.65
101585,Fabio Silberberg,1510.6
104023,Nicolas Renavand,1510.59
101422,Mark Kaplan,1510.5
102247,Andrea Gaudenzi,1510.48
104887,Piero Luisi,1510.44
105066,Grzegorz Panfil,1510.33
104582,Rok Jarc,1510.32
106843,David Katcharava,1510.24
105271,Gonzalo Escobar,1510.24
108647,Anton Tsymbalov,1510.14
103582,Michael Berrer,1510.12
131905,Manuel Guinard,1510.1
104091,Miguel Angel Lopez Jaen,1510.1
209860,Ignacio Buse,1510.07
104960,Miguel Angel Reyes Varela,1510.02
105318,Thomas Schoorel,1510.02
105625,Alvaro Raposo De Oliveira,1510.01
102205,Sebastien Lareau,1509.97
103187,Hisham Hemeda,1509.97
144650,Rhett Purcell,1509.96
105259,Andrei Karatchenia,1509.94
101507,Tomas Carbonell,1509.85
106214,Oscar Otte,1509.81
105677,Nikola Cacic,1509.76
209903,Lukas Neumayer,1509.75
123896,Matija Pecotic,1509.74
121531,Mats Moraing,1509.7
106410,Jorge Brian Panta Herreros,1509.68
106353,Pedja Krstin,1509.44
105952,Renzo Olivo,1509.38
102306,Michael Kohlmann,1509.29
106044,Nicolas Kicker,1509.29
103455,Michal Mertinak,1509.23
103153,Gilles Elseneer,1509.16
105011,Illya Marchenko,1509.15
108746,Austen Childs,1508.84
126623,Alexander Erler,1508.75
117358,Harry Bourchier,1508.69
208144,Giles Hussey,1508.55
103145,Amir Hadad,1508.49
102336,Kotaro Miyachi,1508.48
104803,Younes Rachidi,1508.43
102347,Dmitri Tomashevich,1508.37
126939,Khumoun Sultanov,1508.26
106310,Alexander Ritschard,1508.24
104839,Yassine Idmbarek,1508.21
103229,Kornel Bardoczky,1508.09
105678,Axel Michon,1508.01
105541,Alex Llompart,1507.99
105070,Hans Podlipnik Castillo,1507.79
103747,Dominik Meffert,1507.74
209409,Coleman Wong,1507.68
105826,Alejandro Gomez Gb42,1507.65
103986,Radoslav Lukaev,1507.65
101463,Bernd Karbacher,1507.64
127143,Jirat Navasirisomboon,1507.5
102212,Corrado Borroni,1507.49
103448,Gabriel Trujillo Soler,1507.42
103702,Stefano Ianni,1507.42
211514,Justin Engel,1507.34
102184,David Prinosil,1507.3
103978,Rabie Chaki,1507.27
105542,Bastian Trinker,1507.25
102133,Laurence Tieleman,1507.12
102911,Andrei Stoliarov,1507.12
104195,Simone Vagnozzi,1507.1
102483,David Caballero,1507.04
103531,Thomas Oger,1507.03
101900,Nicklas Kulti,1506.94
103045,Reginald Willems,1506.73
103179,Jurek Stasiak,1506.73
104992,Syrym Abdukhalikov,1506.68
104235,Matwe Middelkoop,1506.6
103460,Konstantin Don Gruber,1506.49
111187,Kaichi Uchida,1506.48
144797,Carl Soderlund,1506.42
106302,Andrew Harris,1506.33
200677,Rio Noguchi,1506.28
103487,Federico Luzzi,1506.09
103182,Markus Hipfl,1506.02
103421,Peter Handoyo,1506.01
105688,Manuel Sanchez,1505.87
106536,Andres Filimonov,1505.87
105633,Mohamed Safwat,1505.76
202195,Maxime Cressy,1505.74
104804,Amir Weintraub,1505.31
207249,Alexandros Skorilas,1505.15
111453,Mikael Torpegaard,1505.15
106137,Tristan Lamasine,1505.12
106225,Andrew Whittington,1505.09
102830,Paulo Carvallo,1505.03
104173,Sam Warburg,1504.94
102993,Michal Chmela,1504.81
209857,Leandro Riedi,1504.78
126197,Orlando Luz,1504.47
210686,Michael Agwi,1504.46
105948,Federico Coria,1504.41
200574,Alexander Donski,1504.4
103170,Wei Ju Chen,1504.29
105181,Miljan Zekic,1504.27
104695,Fritz Wolmarans,1504.26
103505,Vasilis Mazarakis,1504.25
102873,Rob Cheyne,1504.08
105339,Yan Bai,1504.06
105954,Peter Nagy,1504.04
103174,Noam Okun,1504.0
105300,Sergio Gutierrez Ferrol,1503.94
103225,Simon Larose,1503.9
105152,Marcin Gawron,1503.86
104250,Prakash Amritraj,1503.81
105031,Saketh Myneni,1503.79
103478,Diego Veronelli,1503.78
102985,Gustavo Marcaccio,1503.76
209279,Terence Atmane,1503.7
117353,Duck Hee Lee,1503.68
103003,Jean Francois Bachelot,1503.61
101373,Karsten Braasch,1503.6
209318,Petr Nesterov,1503.58
101788,Doug Flach,1503.58
104712,Israel Morales,1503.57
105047,Tim Puetz,1503.45
102287,Albert Portas,1503.44
108715,Nicolas Salama,1503.34
102433,Mose Navarra,1503.31
149282,Nicolai Budkov Kjaer,1503.29
208300,Omni Kumar,1503.19
111197,Jonathan Mridha,1503.13
105404,Michael Mcclune,1503.07
101563,Joseph Lizardo,1503.06
208028,Francisco Llanes,1503.0
101970,Iztok Bozic,1502.95
108595,Mohammed Reza Tavakoli,1502.93
105905,Danilo Petrovic,1502.91
106174,Gonzalo Lama,1502.81
108810,Khaled El Salawy,1502.73
103444,Jean Rene Lisnard,1502.69
104019,Kristof Vliegen,1502.67
103454,Nicolas Massu,1502.66
206703,Paul Jubb,1502.57
126107,Michael Geerts,1502.49
105081,Jean Michel Durango,1502.47
206750,Daniil Glinka,1502.41
104948,Petar Jelenic,1502.34
104677,Artem Sitak,1502.27
103521,Andrea Stoppini,1502.26
202269,Justin Barki,1502.22
209870,Gunawan Trismuwantara,1502.22
102808,Kalle Flygt,1502.17
103690,Marcin Matkowski,1502.14
104618,Devin Mullings,1501.99
105060,Aldin Setkic,1501.97
103923,Radoslaw Nijaki,1501.94
102131,Alistair Hunt,1501.83
104247,Sebo Kiss,1501.81
105147,Tatsuma Ito,1501.81
106393,Frederico Ferreira Silva,1501.71
106045,Denis Kudla,1501.68
102061,Kevin Ullyett,1501.62
200374,Nicolas Alvarez Varona,1501.59
105590,Uladzimir Ignatik,1501.58
210340,Philip Sekulic,1501.56
102301,Sebastien Leblanc,1501.54
201995,Cayetano March,1501.53
103803,Ashkan Shokoofi,1501.51
105428,Marcus Daniell,1501.5
207213,Duje Ajdukovic,1501.45
105714,Hugo Nys,1501.43
123809,Ivan Gakhov,1501.41
207134,Fitriadi M Rifqi,1501.41
101500,Christian Saceanu,1501.38
108601,Bob Borella,1501.35
105499,Christopher Diaz Figueroa,1501.34
138846,Hong Kit Jack Wong,1501.34
120792,M Abid Ali Khan Akbar,1501.3
105408,Soren Wedege,1501.28
126530,Peter Bothwell,1501.27
207139,Palaphoom Kovapitukted,1501.23
144799,Miguel Angel Este,1501.23
101732,Pietro Pennisi,1501.2
104489,Barry King,1501.2
208518,Hazem Naw,1501.17
122554,David Jorda Sanchis,1501.14
102146,Jordi Burillo,1501.12
102689,Martin Spottl,1500.99
103908,Paul Henri Mathieu,1500.94
200702,Sina Moghimi,1500.93
101370,Paolo Pambianco,1500.88
108855,Robert Collins,1500.86
108682,Stephen Nugent,1500.84
144751,Rigele Te,1500.81
101238,Andres Vysand,1500.78
105472,Nils Langer,1500.72
108728,Cheuk Wai Hui,1500.72
102437,Adrian Voinea,1500.68
102403,Bojan Vujic,1500.67
108942,Henry Estrella,1500.66
200460,John Bryan Decasa Otico,1500.63
200553,Alen Avidzba,1500.6
105438,Inigo Cervantes Huegun,1500.59
106177,Oriol Roca Batalla,1500.56
105877,Emilio Gomez,1500.45
111067,Anthony Mills,1500.45
102138,Alexander Tabares,1500.43
105132,Jurgen Zopp,1500.42
104698,Diego Cubas,1500.41
101835,Arne Thoms,1500.39
108583,Daniel Chavez Morales,1500.39
120798,Hans Hach Verdugo,1500.35
101890,Jonathan Stark,1500.34
134457,Nicolas Moreno De Alboran,1500.3
108862,Kristian Mitrovski,1500.3
102713,Jing Zhu Yang,1500.27
101982,Jordi Mas,1500.27
102226,David Witt,1500.27
209294,Diego Duran,1500.25
104136,Santiago Gonzalez,1500.25
111426,John Morrissey,1500.24
108427,Tomasz Lichon,1500.2
100865,Marcelo Ingaramo,1500.11
108631,Wen Lung Chang,1500.08
200622,Hernando Jose Escurra Isnardi,1500.04
108606,Gert Vilms,1500.03
106085,Hamid Reza Nadaf,1500.03
210308,Stylianos Christodoulou,1500.02
103242,Juan Giner,1500.02
101448,Tasos Bavelas,1500.0
102117,Eduardo Nicolas,1499.99
208279,Alejandro Moro Canas,1499.98
104243,Oscar Posada,1499.98
200390,Kacper Zuk,1499.96
144748,Kris Van Wyk,1499.96
102722,Attila Savolt,1499.91
104661,Pierre Ludovic Duclos,1499.9
105182,Antso Rakotondramanga,1499.86
103155,Ivo Bratanov,1499.83
126209,Peter Bertran,1499.78
101954,Oscar Bustos,1499.78
108770,Nicholas Sayer,1499.75
108843,Toufiq Zhalan,1499.75
118808,Daniel Vallejo,1499.72
108791,Oskars Vaskis,1499.72
104162,Deniss Pavlovs,1499.72
108776,Vimuktha De Alwis,1499.7
104920,Denys Molchanov,1499.7
101711,Alex Obrien,1499.68
108924,Jing Yi Li,1499.65
108600,Sean Cooper,1499.61
108767,Gonzales Austin,1499.58
102598,Nouhoun Sangare,1499.58
212720,Juan Carlos Fuentes Vasquez,1499.55
106987,Fadel Berthe,1499.55
103400,Hendri Susilo Pramono,1499.53
101831,Mustafa Azkara,1499.51
207973,Ainius Sabaliauskas,1499.5
103485,Ivan Beros,1499.42
106882,Dimitri Muzyka,1499.4
123965,Rodrigo Banzer,1499.38
101368,Christian Miniussi,1499.32
102484,Massimo Calvelli,1499.32
134120,Kuan Yi Lee,1499.31
144923,Louis Wessels,1499.24
144985,Ergi Kirkin,1499.22
103032,Francisco Fogues,1499.21
208364,Franco Roncadelli,1499.19
100984,Peter Wright,1499.18
103324,Arnaud Di Pasquale,1499.14
100770,Peter Moraing,1499.14
108846,Syed Nasir Sherazi,1499.13
105334,Luis David Martinez,1499.12
106121,Taro Daniel,1499.1
100926,Ken Flach,1499.09
102944,Stefano Cobolli,1499.07
144645,Zdenek Kolar,1499.05
209226,Adolfo Daniel Vallejo,1499.05
102942,Vladimir Pavicevic,1499.05
210460,Nishesh Basavareddy,1499.0
104579,Romain Jouan,1499.0
106169,Vladyslav Manafov,1498.96
101811,Bill Barber,1498.96
209867,Daniil Ostapenkov,1498.94
106053,Philip Davydenko,1498.91
208223,Alvaro Guillen Meza,1498.9
102939,Jean Baptiste Perlant,1498.89
102201,Lionel Roux,1498.86
207834,Juan Alejandro Hernandez Serrano,1498.86
200279,Osgar Ohoisin,1498.85
104294,Hao Lu,1498.78
108950,Juan Andres Gomez,1498.75
108822,Andrej Krasevec,1498.73
108720,Eddy Chala,1498.73
101720,Agustin Garizzio,1498.72
108838,Vittaya Samrej,1498.64
126663,Juan Pablo Ficovich,1498.6
108979,Benito Jose Suriano,1498.51
108667,Kwasi Ahenkora,1498.46
102969,Sergei Yaroshenko,1498.41
127123,Mateus Alves,1498.35
212051,Joaquin  Aguilar Cardozo ,1498.34
104402,Clement Morel,1498.34
102738,Stefano Tarallo,1498.23
202122,Yuta Shimizu,1498.22
200259,Ugo Blanchet,1498.19
108755,Maciej Kost,1498.18
103565,Stephane Robert,1498.15
103998,Mario Monroy,1498.12
103645,Balazs Veress,1498.12
104415,Colin Fleming,1498.11
101805,David Nainkin,1498.11
209874,Maks Kasnikowski,1498.11
105842,Di Wu,1498.05
102904,Leos Friedl,1498.03
104022,Mikhail Youzhny,1498.03
104260,Johny De Leon,1498.0
103148,Norbert Mazany,1497.98
104281,Ryler Deheart,1497.92
103735,Lovro Zovko,1497.9
200297,Aziz Ouakaa,1497.86
206716,Lukas Hellum Lilleengen,1497.84
105062,Mikhail Kukushkin,1497.83
105934,Chuhan Wang,1497.81
202065,Petros Tsitsipas,1497.8
105325,Germain Gigounon,1497.64
105691,Scott Griekspoor,1497.62
102624,Andrew Painter,1497.61
108915,Luis Haddock,1497.56
208021,Kyrian Jacquet,1497.56
102465,Gabriel Silberstein,1497.55
105671,Gastao Elias,1497.55
103070,Christophe Pognon,1497.52
103646,Lars Uebel,1497.48
103133,Olivier Mutis,1497.48
103763,Martin Slanar,1497.43
102363,Filippo Veglio,1497.41
209263,Matteo Gigante,1497.34
104392,Franco Ferreiro,1497.33
102753,Wolfgang Schranz,1497.32
210013,Martin Damm Sr,1497.27
108739,Wilfredo Gonzalez,1497.16
126156,Antoine Hoang,1497.14
106158,Suk Young Jeong,1497.11
202262,Filip Cristian Jianu,1497.11
101822,Luis Lobo,1497.1
122078,Dmitry Popko,1497.07
102512,Joseph Sirianni,1497.0
144973,Santiago Fa Rodriguez Taverna,1497.0
109640,Andrea Basso,1496.98
103047,Julien Varlet,1496.96
103770,Kevin Sorensen,1496.93
103296,Ivaylo Traykov,1496.83
104640,Pablo Galdon,1496.82
109686,Riccardo Bonadio,1496.71
105651,Daniel Smethurst,1496.69
126591,Jan Zielinski,1496.69
104901,Vladimir Ivanov,1496.66
104908,Mikal Oliver Statham,1496.66
102875,Luke Smith,1496.61
102519,Marcio Carlsson,1496.58
101876,Massimo Ardinghi,1496.57
103286,Yohny Romero,1496.53
104921,Kirati Siributwong,1496.45
104361,Michel Koning,1496.42
103823,Denis Gremelmayr,1496.42
101374,Leonardo Lavalle,1496.4
103905,Ricardo Chile Fonte,1496.38
103865,Prima Simpatiaji,1496.34
103158,Johan Ortegren,1496.34
110476,Mousa Shanan Zayed,1496.27
102300,Gouichi Motomura,1496.26
200274,Alex Diaz,1496.17
144909,Francisco Cabral,1496.09
104158,Andrew Anderson,1496.07
100876,Bong Soo Kim,1496.0
105930,Daniel Kosakowski,1495.96
202197,Carlos Gimeno Valero,1495.94
134518,Patrick Kaukovalta,1495.84
105874,Albano Olivetti,1495.83
212044,Yi Zhou,1495.82
105775,Marin Draganja,1495.77
105539,Evgeny Donskoy,1495.76
104595,Sascha Kloer,1495.69
103250,Rodolphe Cadart,1495.69
108582,Luis Perez Chete,1495.66
119506,Jean Segodo,1495.66
105501,Akash Wagh,1495.65
104826,Federico Sansonetti,1495.64
126152,Ryan Shane,1495.58
211776,Martin Landaluce,1495.57
208013,Dane Sweeny,1495.54
209120,Yassine Dlimi,1495.49
208210,Chris Rodesch,1495.48
117357,Omar Jasika,1495.47
102028,Massimo Valeri,1495.32
103718,David Martin,1495.31
144870,Federico Agustin Gomez,1495.3
105288,Guillermo Rivera Aranguiz,1495.27
200310,Alexander Zgirovsky,1495.26
206589,Gabi Adrian Boitan,1495.23
102693,Leonardo Olguin,1495.22
103419,Gabriel Montilla,1495.18
105436,Markus Eriksson,1495.17
101584,Keith Evans,1495.09
104739,Guillermo Alcaide,1495.08
108991,Sergei Petrouchevsky,1495.05
102978,Zbynek Mlynarik,1495.0
104227,Augustin Gensse,1495.0
103868,Ivan Navarro,1494.98
101980,Howard Joffe,1494.97
102077,Alexander Shvec,1494.96
200589,Sam Riffice,1494.93
106187,Denis Yevseyev,1494.92
103328,Andres Pedroso,1494.9
103553,Alun Jones,1494.9
131951,Daniel Cukierman,1494.89
101659,Jan Apell,1494.86
106066,Victor Baluda,1494.83
104967,Alexander Sadecky,1494.81
200343,David Szintai,1494.78
102789,Jay Gooding,1494.78
126504,Andrea Pellegrino,1494.67
101959,Robert Eriksson,1494.66
103666,Ilia Kushev,1494.64
101812,Raviv Weidenfeld,1494.63
102086,Igor Kornienko,1494.62
103027,Markus Menzler,1494.6
145001,Evan Furness,1494.57
109520,Herkko Pollanen,1494.5
105933,Roberto Quiroz,1494.49
202168,Ye Cong Mo,1494.48
105591,Matt Reid,1494.44
103178,Johan Settergren,1494.43
106764,Christopher Koderisch,1494.42
101565,Marius Barnard,1494.4
106074,Jung Woong Na,1494.36
207660,Nicholas David Ionel,1494.35
105782,Enrique Lopez Perez,1494.28
105084,James Lemke,1494.27
104516,Arnau Brugues Davi,1494.27
101150,Gianluca Pozzi,1494.25
200265,Ulises Blanch,1494.22
209914,Andreja Petrovic,1494.18
104465,Martin Emmrich,1494.15
102252,Ignacio Truyol,1494.01
104753,Woong Sun Jun,1494.0
103039,Tripp Phillips,1494.0
104275,Josko Topic,1494.0
103563,Gabriel Pitta,1493.98
101386,Glenn Wilson,1493.97
103716,Uros Vico,1493.95
103319,Jeff Morrison,1493.94
102584,Alexandre Strambini,1493.91
211346,Andres Martin,1493.9
105128,Guillermo Olaso,1493.85
108637,Nomi Qamar,1493.85
207494,Dalibor Svrcina,1493.83
106031,Raymond Sarmiento,1493.78
102910,Salvador Navarro,1493.76
104226,Bastian Knittel,1493.72
102372,Sule Ladipo,1493.72
200125,Mykyta Mashtakov,1493.68
101061,Jimmy Arias,1493.62
207663,Nikolas Sanchez Izquierdo,1493.62
105063,Andrea Arnaboldi,1493.54
104707,Denis Matsukevitch,1493.52
105336,Nicolas Meister,1493.48
144946,Rayane Roumane,1493.47
208597,Chak Lam Coleman Wong,1493.35
125574,Soteris Hadjistyllis,1493.33
102376,Radovan Svetlik,1493.3
103699,Fred Hemmes,1493.19
104046,Bostjan Osabnik,1493.18
106220,Dimitar Kuzmanov,1493.16
101904,Chris Haggard,1493.16
105490,Jui Chen Hung,1493.12
208004,Harold Mayot,1493.1
105080,Miloslav Mecir Jr,1493.0
101721,Markus Zillner,1493.0
208117,Adam Neff,1492.99
106348,Evgeny Karlovskiy,1492.98
202398,Michael Vrbensky,1492.97
104558,Mohammed Abdulla,1492.94
104393,Gregoire Burquier,1492.94
126206,Alex Rybakov,1492.93
103847,Adrian Bohane,1492.93
104034,Dmitry Vlasov,1492.9
106261,Dennis Novikov,1492.88
126208,Yusuke Takahashi,1492.82
122687,Rodrigo Senattore,1492.82
105641,Blaz Rola,1492.79
101968,Ola Kristiansson,1492.79
105175,Kristijan Mesaros,1492.77
105116,Dusan Lojda,1492.73
208653,Isaac Becroft,1492.73
103737,Edgardo Massa,1492.59
104993,Martin Vaisse,1492.57
102715,Ignacio Hirigoyen,1492.56
202075,Adria Soriano Barrera,1492.55
105999,Bowen Ouyang,1492.52
102751,Todd Perry,1492.45
105613,Norbert Gombos,1492.44
103988,Mariano Albert Ferrando,1492.41
103053,Nikos Rovas,1492.41
105207,Andrei Daescu,1492.4
102565,Alexander Waske,1492.35
104743,Kamil Capkovic,1492.32
104211,Roman Valent,1492.3
103339,Wesley Whitehouse,1492.3
102116,Sang Hoon Lee,1492.23
123983,Nerman Fatic,1492.2
103912,Mario Radic,1492.2
106380,Gonzalo Villanueva,1492.19
106311,Marko Tepavac,1492.16
104485,Nick Van Der Meer,1492.14
144826,Aziz Dougaz,1492.13
108644,Patrick Chucri,1492.08
102897,Nir Welgreen,1492.07
103371,Emin Agaev,1492.07
101409,Jaime Yzaga,1492.06
200266,Javier Barranco Cosano,1492.05
105751,Roberto Ortega Olmedo,1492.04
212718,Heve Kelley,1492.03
108874,Dickson Ogu,1492.02
103422,Sebastian Fitz,1492.01
103878,Zach Dailey,1492.0
103623,Jacob Adaktusson,1491.99
104161,Tomislav Peric,1491.98
144984,Artem Dubrivnyy,1491.9
200270,Alex Knaff,1491.84
100581,John McEnroe,1491.84
103475,Thomas Messmer,1491.82
102140,Bruno Fragoso,1491.79
101751,Ross Matheson,1491.78
106283,Mitchell Krueger,1491.78
212733,Matthew Forbes,1491.72
207531,Caleb Chakravarthi,1491.72
102097,Naratorn Srichaphan,1491.71
103626,Tomas Tenconi,1491.67
106374,Filip Veger,1491.66
104952,Martin Pedersen,1491.66
208353,Francesco Maestrelli,1491.66
101462,Francisco Roig,1491.65
200621,Bruno Britez,1491.63
110751,Sebastian Fanselow,1491.62
144652,William Blumberg,1491.58
105609,Ilya Belyaev,1491.56
102920,Diego Hipperdinger,1491.54
117352,Oliver Anderson,1491.53
124063,Santiago Maresca,1491.5
104287,Steven Korteling,1491.49
100852,Howard Herr,1491.41
103830,Shao Xuan Zeng,1491.4
103369,Melle Van Gemerden,1491.4
103092,Nuno Matias,1491.39
104138,Henry Adjei Darko,1491.38
105163,Gleb Sakharov,1491.35
110867,Anders Haseth,1491.35
207386,Finn Reynolds,1491.33
105692,Alessandro Bega,1491.33
103365,Javier Garcia Sintes,1491.32
104149,Adrian Cruciat,1491.29
207411,Jesper De Jong,1491.29
126533,Alvaro Lopez San Martin,1491.29
102843,Suwandi Suwandi,1491.27
105281,Eric Quigley,1491.25
103273,Dong Hyun Kim,1491.2
103984,Julien Mathieu,1491.2
122279,Romain Bogaerts,1491.2
103157,Arvind Parmar,1491.18
109303,Stefano Napolitano,1491.18
106430,Patrick Ciorcila,1491.18
103353,Ingo Neumuller,1491.16
103805,Catalin Gard,1491.16
206748,Giulio Zeppieri,1491.15
102892,Susheel Narla,1491.14
111156,Nathan Pasha,1491.11
105565,Ya Nan Ma,1491.11
210464,Darwin Blanch,1491.1
103457,Petr Kralert,1491.1
144807,Kenneth Raisma,1491.07
102545,Pedro Braga,1491.06
103358,Nicolas Todero,1491.04
144813,Benjamin Hannestad,1491.02
125782,Kasparas Zemaitelis,1491.02
105077,Albert Ramos,1491.0
127570,Rodrigo Arus,1490.98
101510,Henrik Holm,1490.96
102434,Vincent Spadea,1490.95
208108,Brian Shi,1490.9
207457,Wojciech Marek,1490.9
104282,Dennis Peschek,1490.89
103975,Eric Nunez,1490.89
102575,Julien Chauvin,1490.88
107653,Marco Cacopardo,1490.88
108585,Americo Venero Montes,1490.85
108997,Clint Bowles,1490.84
102081,Brett Hansen Dent,1490.83
102581,Goran Oresic,1490.79
108994,Andrew Park,1490.79
200666,Jie Cui,1490.79
102657,Yue Wei Wang,1490.78
104612,Daniel Yoo,1490.77
102886,Frantisek Cermak,1490.76
202475,Philip Henning,1490.74
105269,Marcelo Demoliner,1490.74
102388,Simon Aspelin,1490.72
103677,Andreas Fasching,1490.69
103021,Ricardo Schlachter,1490.68
106203,Pedro Sakamoto,1490.68
102675,Timur Ganiev,1490.68
101669,Gary Henderson,1490.67
104295,Raphael Durek,1490.67
210535,Maxim Shin,1490.64
108998,Patrick Osnua,1490.63
103068,Chemseddine Belal,1490.62
104099,Israel Matos Gil,1490.59
109699,Julian Lenz,1490.58
210753,Matic Kriznik,1490.56
104508,Robert Yim,1490.56
210250,Erik Arutiunian,1490.54
103405,Rodolfo Rake,1490.52
102335,Taso Vasiliadis,1490.47
105100,Edward Corrie,1490.42
102809,Axel Pretzsch,1490.42
207839,Yousaf Khalil,1490.41
103841,Julio Peralta,1490.41
103239,Marcus Sarstrand,1490.4
103149,Mathias Hellstrom,1490.4
104093,Nickolai Dyachok,1490.38
102768,Federico Browne,1490.37
200336,Trent Bryde,1490.36
104205,Taras Demyanekno,1490.36
103205,Emilio Daniel Baez Britez,1490.35
132028,Justin Lunn,1490.34
105065,Tim Smyczek,1490.33
108863,Alvis Tabors,1490.33
211415,Cole Gromley,1490.31
210494,Theo Papamalamis,1490.31
208169,Titouan Droguet,1490.27
126535,Carlos Taberner,1490.25
103594,Oliver Marach,1490.24
104963,Yannick Mertens,1490.21
106228,Juan Ignacio Londero,1490.21
108970,John El Khoury,1490.2
103748,Jan Minar,1490.18
105917,Gianni Mina,1490.17
100962,Thomas Hogstedt,1490.16
104890,Andreas Haider Maurer,1490.16
102742,Armand Strombach,1490.15
103381,Andy Fahlke,1490.12
102614,Victor Sendin,1490.11
105871,Sekou Bangoura,1489.99
200516,Patrick Kypson,1489.99
105882,Stefano Travaglia,1489.99
105072,Sanam Singh,1489.97
208882,Roman Andres Burruchaga,1489.97
105529,Carlos Gomez Herrera,1489.95
101771,Ashley Naumann,1489.94
200307,Tao Mu,1489.91
108741,Mohd Assri Merzuki,1489.88
103560,Kj Hippensteel,1489.88
101858,Gilles Bastie,1489.87
106269,Austin Smith,1489.83
105596,Jan Satral,1489.83
134840,Raul Brancaccio,1489.81
104314,Brian Dabul,1489.8
101860,Mark Draper,1489.8
102221,Diego Lozano,1489.78
108999,Dan Cantwell,1489.78
103964,Tobias Klein,1489.78
105830,Hicham Khaddari,1489.77
104822,N Vijay Sundar Prashanth,1489.73
206499,Aleksandar Kovacevic,1489.73
126185,Evgenii Tiurnev,1489.71
104488,Armin Sandbichler,1489.71
102307,Ling Lu,1489.69
101672,Michael Geserer,1489.69
108968,Jason Sankey,1489.68
105201,Marc Abdulnour,1489.67
207401,Sheil Kotecha,1489.66
104037,Phillip Harboe,1489.63
106335,Alexios Halebian,1489.62
105630,Tomislav Ternar,1489.61
101626,Stephen Noteboom,1489.6
102543,Chia Yen Tsai,1489.59
104355,Lester Cook,1489.59
126573,Thomas Fancutt,1489.58
102394,Johan Van Herck,1489.56
101420,Vaclav Roubicek,1489.55
200181,Amer Naow,1489.55
100606,Mike Bauer,1489.53
105502,N Sriram Balaji,1489.52
211458,Nathan Anthony Barki,1489.51
101766,Bill Behrens,1489.51
122082,Francisco Yim Kim,1489.51
144817,Marc Andrea Huesler,1489.49
104081,Boris Pashanski,1489.47
110636,Clay Thompson,1489.47
105935,Duilio Beretta,1489.45
106321,Xin Gao,1489.44
108948,Alexandr Zotov,1489.41
101279,Philippe Pech,1489.39
101864,Fernon Wibier,1489.35
102788,Jan Vacek,1489.35
103663,Matias Boeker,1489.34
103762,John Paul Fruttero,1489.33
122471,Danylo Kalenichenko,1489.33
105252,Takahiro Ittogi,1489.33
101764,Yu Hui Lien,1489.32
209278,Alec Beckley,1489.31
103052,Mariano Delfino,1489.3
108708,Duane Williams,1489.29
108904,Nigel Badza,1489.27
133979,Hasan Ibrahim,1489.27
108685,Frederick Sletting Johnsen,1489.27
103753,Boris Bachert,1489.23
202359,Marvin Moeller,1489.23
102948,Oliver Freelove,1489.22
104470,Komlavi Loglo,1489.22
208476,Kyle Johnson,1489.2
103730,Jonathan Marray,1489.19
133301,Giovani Samaha,1489.14
101625,Steve Herdoiza,1489.13
103033,Helder Lopes,1489.13
104284,Frank Condor,1489.13
211572,Tegar Abdi Satrio Wibowo,1489.12
108867,Serge Brueck,1489.11
108988,Mohamed Redha Ouahab,1489.11
210740,Liam Krall,1489.07
104830,Matteo Marrai,1489.07
102224,Miguel Pastura,1489.06
102522,Fabio Maggi,1489.06
104412,Matt Simpson,1489.06
102430,Adam Peterson,1489.06
108713,Julen Uriguen,1489.01
200526,Juan Lugo,1488.99
102428,Johan Hede,1488.99
102276,Sandeep Kirtane,1488.98
105783,Chase Buchanan,1488.96
106138,Yaraslav Shyla,1488.93
108911,William Ward,1488.93
101836,Udo Plamberger,1488.92
104504,Ross Hutchins,1488.89
104591,Patrick Tierro,1488.89
103465,Paul Logtens,1488.87
104672,Vincent Millot,1488.83
102702,Relja Fiser Dulic,1488.83
200214,Alan Fernando Rubio Fierros,1488.82
102251,Mariano Hood,1488.81
104627,Boy Westerhof,1488.8
104896,Bruno Agostinelli,1488.79
108649,Chris Numbers,1488.78
102425,Niko Karagiannis,1488.76
111186,Syed Mohd Agil Syed Naguib,1488.75
101035,Menno Oosting,1488.75
104484,Lawal Shehu,1488.74
104917,Anas Fattar,1488.74
101629,Matt Lucena,1488.71
105512,Alexander Sarkissian,1488.71
105655,Hiroki Moriya,1488.7
105440,Arsenije Zlatanovic,1488.7
105059,Kento Takeuchi,1488.7
208852,Stefanos Sakellaridis,1488.7
108941,Damar Johnson,1488.69
119511,Loic Didavi,1488.67
103348,Timo Fleischfresser,1488.65
101704,Ellis Ferreira,1488.64
202400,Alastair Gray,1488.63
104684,Navdeep Singh,1488.63
105103,Pavel Katliarov,1488.63
102206,Stephane Matheu,1488.62
209238,Sebastian Dominguez,1488.61
102714,Ekkarin Pisuth Arnonth,1488.61
108702,George Kallis,1488.6
100815,David Pate,1488.52
108922,Will Farah Lebar,1488.52
108837,Graeme Foster,1488.52
105026,Takuto Niki,1488.52
103958,Philip Gubenco,1488.49
103167,Jocelyn Robichaud,1488.47
126143,Andreas Bjerrehus,1488.47
102945,Luke Bourgeois,1488.46
102755,Alex Witt,1488.45
200647,Sho Shimabukuro,1488.44
200116,Camilo Ugo Carabelli,1488.41
108381,Thomas Andersen,1488.41
207395,Lleyton Cronje,1488.41
105938,Antoine Escoffier,1488.41
108681,Andrey Stepanov,1488.4
104262,Flavio Cipolla,1488.4
122260,Jaan Kononov,1488.38
198630,Serge Dakessian,1488.36
101931,Marcus Hilpert,1488.36
102400,Elia Grossi,1488.36
102578,Fredrik Bergh,1488.35
102664,Petr Pala,1488.34
100619,George Kalovelonis,1488.33
106165,Diego Hidalgo,1488.32
104646,Purav Raja,1488.32
104519,Roman Vogeli,1488.31
212037,Amir Milushev,1488.29
106425,Blake Mott,1488.29
103995,Pedro Leao,1488.27
104317,David Luque Velasco,1488.26
101339,Agustin Moreno,1488.25
212082,Joel Schwaerzler,1488.25
108737,Marco Antonio Rojas,1488.24
103609,Matthew Behrmann,1488.24
103306,Florian Allgauer,1488.22
104007,Andre Ghem,1488.22
101815,Sergio Gomez Barrio,1488.21
101226,Johan Carlsson,1488.2
105220,Jun Chao Xu,1488.2
103607,Victor Estrella,1488.19
207421,Alex Fairbanks,1488.15
101522,Chi Wan Kim,1488.15
108680,Sergey Makashin,1488.14
136704,Manuel Castellanos,1488.14
101800,Daniele Balducci,1488.09
200335,Felipe Meligeni Alves,1488.09
101861,Thomas Buchmayer,1488.08
103059,Radovan Chrz,1488.08
103714,Andreas Vinciguerra,1488.08
102378,Juan Gisbert Jr,1488.07
108829,Alexander Ofori,1488.05
210039,Orel Kimhi,1488.03
103112,Ruben Fernandez,1488.03
108725,Sid Ali Akkal,1488.01
103956,Stefan Wauters,1488.01
108722,Demetrios Leontis,1488.0
104680,Bruno Rosa,1488.0
108966,Igor Chaldounov,1488.0
200525,Abdulrahman Alawadhi,1487.99
132566,Dmitrii Baskov,1487.99
101650,Shane Barr,1487.98
105261,Roberto Maytin,1487.98
104953,Nikolai Fidirko,1487.97
108899,Davin Russell,1487.96
108887,Wael Zeidan,1487.96
108665,Alexandru Andronachi,1487.95
108955,Elvis Henry,1487.95
108654,Tyler Mayers,1487.95
108788,Jose Perdomo,1487.95
104473,Walter Trusendi,1487.94
108830,Philippe Lacombe,1487.93
108726,Dominic Pagon,1487.93
102332,Adolf Musil,1487.93
211573,Lucky Candra Kurniawan,1487.93
106941,Eno Polo,1487.93
108723,Alexander Tavkhelidze,1487.93
108906,Aziz Avganov,1487.92
108798,Victor Trotsko,1487.92
209873,Eric Jr. Olivarez,1487.92
106906,Dusan Prchlik,1487.9
134507,Tom Diederich,1487.89
108673,Leroy Tujeehut,1487.89
108774,Marco Aurelio Nunez,1487.88
202130,Emil Reinberg,1487.88
105521,Juan Sebastian Vivanco,1487.87
108891,Jose Antonio Velazquez,1487.86
108642,Hayk Hakobyan,1487.86
102256,Nick Weal,1487.85
126526,Soren Hess Olesen,1487.83
205695,Ching Lam,1487.83
101765,Tomas Anzari,1487.82
108759,Sami Ghorbel,1487.82
101230,Andrei Chesnokov,1487.81
101992,Pietro Angelini,1487.8
102805,Matthew Breen,1487.8
210107,Bor Artnak,1487.8
108636,Lays Salim,1487.79
105294,Dennis Lajola,1487.77
110754,David Vega Hernandez,1487.76
108753,Othman Al Anazi,1487.76
108615,Genaro Deleon,1487.75
101642,Bart Wuyts,1487.75
212866,Marcos Lee Chan Baratau,1487.74
108900,Thomas Haug,1487.74
102210,Rene Hanak,1487.72
104385,Lars Poerschke,1487.72
108897,Inam Gul,1487.72
105941,Felipe Rios,1487.7
105245,Fabiano De Paula,1487.68
101994,Remus Farcas,1487.67
104286,Vishal Punna,1487.67
104283,Minh Quan Do,1487.67
106292,Hernan Casanova,1487.67
108902,Gwinyai Chingoka,1487.64
200619,Sebastian Arcila,1487.64
102111,Diego Del Rio,1487.64
108775,Aymeric Mara,1487.64
104942,Roman Recarte,1487.63
102865,Doug Bohaboy,1487.63
102891,Rodolfo Varela,1487.63
108892,Nejc Podkrajsek,1487.62
102869,Galo Blanco,1487.62
108981,Luis Javier Cuellar Contreras,1487.61
121971,Duilio Vallebuona,1487.6
209259,Arthur Fery,1487.6
103342,Miha Gregorc,1487.58
108984,Henry So,1487.58
104416,Tiago Godinho,1487.58
108936,Oskar Saarne,1487.57
106180,Spencer Newman,1487.57
104456,Colin Ebelthite,1487.54
102015,Tomislav Prpic,1487.54
121366,Abdulhamid Mubarak,1487.54
102223,Karim Alami,1487.54
200271,Egor Matvievici,1487.54
209872,Thehan Sanjaya Wijemanne,1487.53
108616,Walter Barahona,1487.53
104679,Jamie Murray,1487.52
124023,Hei Yin Andrew Li,1487.52
106238,Andres Artunedo Martinavarro,1487.51
104781,Yuichi Ito,1487.51
108638,Yazan Al Kasim,1487.5
105003,Wan Gao,1487.5
207971,Xavier Lawrence,1487.5
108954,Carlos Alvarez,1487.5
108965,Muhd Ashaari Bin Zinal Abidin,1487.5
212040,Daniel Azar,1487.5
107870,Nortay Dowuona,1487.5
108963,Mohammed Faizal Bin Othman,1487.5
104531,Sergio Ramirez,1487.5
101928,Jorge Cordova,1487.5
108895,Mohammed Fawzy,1487.5
208206,Walid Ahouda,1487.5
108884,Yuan Xiong Hui,1487.5
208317,Roey Tabet,1487.5
207479,Soufiane El Mesbahi,1487.5
108613,Davit Babayan,1487.5
200483,Peter August Anker,1487.5
108669,Mohammed Mahmoudi,1487.5
105621,Min Kyu Song,1487.5
102922,Tomas Catar,1487.5
108787,Carlos Taborga,1487.5
108777,Jae Min Seol,1487.5
200401,Amir Hossein Badi,1487.5
134854,Irakli Metreveli,1487.5
108840,Alex Zakharia,1487.5
108951,Leonardo Ramirez,1487.5
108586,Augusto Sanabria,1487.5
106396,Cheng Yu Yu,1487.5
104208,Damian Patriarca,1487.5
202246,Nikoloz Davlianidze,1487.5
108700,Revaz Osadze,1487.5
206000,Michel Saade,1487.5
103987,Alessandro Camarco,1487.5
101242,Brad Pearce,1487.5
108676,Joel Allen,1487.5
108611,Victor Ribas,1487.5
108771,Romain Radwan,1487.5
207826,Siim Troost,1487.5
108773,Julius Gotovskis,1487.5
108671,Sofiane Rais Ali,1487.5
122236,Roman Hassanov,1487.5
108937,Mikk Irdoja,1487.5
108851,Iman Nilipour,1487.5
210382,Maximus Jones,1487.5
207400,Mark Chigaazira,1487.5
207788,Thanapet Chanta,1487.5
126328,Gabriel Donev,1487.5
108670,Noujeim Hakimi,1487.5
108297,Stephane Andriolo,1487.5
106333,Julien Cagnina,1487.5
108934,Thomas Drouet,1487.5
206642,Yassir Kilani,1487.5
108620,Adel Al Shatti,1487.5
108943,Augusto Ricciardi Castelli,1487.5
212719,Matavao Fanguna,1487.5
123773,Giorgi Javakhishvili,1487.5
108857,Stewart Doyle,1487.5
212203,Luca Preda,1487.5
108716,Amaury Gomez,1487.5
103215,Andre Lopes,1487.5
108807,Juan Francisco Barragan,1487.5
101360,Mark Keil,1487.5
121648,Tunde Segodo,1487.5
108831,Michael Walker,1487.5
108880,Sanjeev Tikaram,1487.5
101126,Chris Pridham,1487.5
108745,Gino Meeuwsen,1487.5
104613,Candy Idoko,1487.5
108750,Adrian Forberg Skogeng,1487.5
149284,Jose  Flores,1487.5
144777,Constantinos Ioannides,1487.5
108643,Samuel Fumi,1487.5
108694,Jason Engelhardt,1487.5
206199,Kevin Cheruiyot,1487.5
212722,Kwok Shun Dasson Chan,1487.5
108678,Eddy Gonzalez Gonzalez,1487.49
102365,Donny Susetyo,1487.49
107263,Jacques Radoux,1487.49
122261,Marek Marksoo,1487.48
102819,Ricardo Omana,1487.48
104192,Marco Crugnola,1487.47
123814,Markus Kerner,1487.47
212970,Jack Cheng,1487.46
144927,Siddharth Vishwakarma,1487.46
108633,Juan Carlos Gonzalez,1487.46
108622,Samir Saadeldin,1487.46
105401,Matteo Trevisan,1487.46
108987,Rihards Emulins,1487.45
108801,Jorge Catala,1487.45
108707,Cesar Escobar Serrano,1487.45
108913,Frederick Sundsten,1487.44
101502,Torben Theine,1487.44
103882,Adrians Zguns,1487.44
105419,Patricio Alvarado,1487.44
101149,Morten Christensen,1487.43
108630,Jamal Darmadi,1487.43
104775,Adam Kellner,1487.43
103467,Victor Bruthans,1487.42
103649,Esat Tanik,1487.42
100857,Sergio Casal,1487.41
207934,Philip Hjorth,1487.41
108639,Maxime Koffi,1487.41
103334,Ronaldo Carvalho,1487.4
105479,Alejandro Mendoza,1487.39
207132,Ki Lung Ng,1487.38
108714,Christian Saravia,1487.38
122635,Alexander Merino,1487.38
101418,Herve Grenier,1487.36
104932,Kenny De Schepper,1487.35
101027,Jaroslav Bulant,1487.34
108861,Goran Popov,1487.34
102397,Jose Imaz Ruiz,1487.33
103363,Diego Ayala,1487.32
104971,Blake Strode,1487.31
144896,Hao Sheng Koay,1487.28
100855,Scott Davis,1487.27
103719,Ruben Torres,1487.27
138431,Darko Bojanovic,1487.27
110596,Fred Simonsson,1487.27
125783,Magloire Yakpa,1487.27
103653,Jasper Smit,1487.26
108938,Charles Irie,1487.26
210053,Luka Mikrut,1487.26
103705,Sergei Samoseiko,1487.25
202300,Phuong Van Nguyen,1487.21
101179,Jean Philippe Fleurian,1487.18
108888,Ee Wei Tan,1487.16
108738,Claudio Dias Conduto,1487.16
103863,Mikhail Elgin,1487.14
103497,Artem Derepasko,1487.14
108907,Piero Demichelli,1487.13
108758,Kossi Loglo,1487.12
100947,Doug Burke,1487.1
108935,Marius Tangen,1487.1
102203,Jonathan Leach,1487.09
145003,Lucas Andriamasilalao,1487.09
108969,Antoine Breikeh,1487.09
108590,Mohammed Nazreen Fuzi Nasruddin,1487.09
144774,William Kirkman,1487.08
111192,Lucas Miedler,1487.08
101231,Ryan Blake,1487.08
108229,Sebastien Hette,1487.08
207972,Minjong Park,1487.08
102263,Yong Il Yoon,1487.07
108608,Marwan Zewar,1487.07
103491,Mads Gottlieb,1487.07
108769,Johann Coles,1487.07
101699,Alois Beust,1487.07
101983,Andrew Kratzmann,1487.07
104888,Martin Rmus,1487.07
102316,Jong Woong Yoon,1487.06
102889,Hee Sung Chung,1487.05
123315,Nicholas Campbell,1487.05
145022,Nour Nehme,1487.04
210249,Gillian Osmont,1487.04
102416,Reed Cordish,1487.04
101375,Brian Devening,1487.04
102373,Toshiaki Sakai,1487.04
127195,Hamza Karmoussi,1487.03
200484,Rudolf Molleker,1487.03
200583,Delmas Ntcha,1487.02
108871,Kim Huat Khoo,1487.02
102042,Brandon Coupe,1487.02
103621,Igor Levine,1487.01
200368,Jack Mingjie Lin,1487.01
210025,Branko Djuric,1487.0
120270,Edgars Manusis,1487.0
101973,Viktor Nagy,1487.0
103994,Philip Riise Hansen,1486.99
206889,Clement Chidekh,1486.98
101479,Tj Middleton,1486.98
104975,Evgeny Kirillov,1486.98
106199,Darius Florin Bragusi,1486.97
207976,Lluis Miralles,1486.96
101512,Trevor Kronemann,1486.96
108856,Mark Farren,1486.95
208122,Thabo Ncube,1486.95
102769,Andres Schneiter,1486.95
200550,Vladyslav Orlov,1486.93
104106,Ludovic Walter,1486.93
105442,Sebastien Vidal,1486.92
103630,Martijn Van Haasteren,1486.9
144932,Kristjan Tamm,1486.89
102885,Vishal Uppal,1486.89
104334,Alberto Brizzi,1486.88
101531,Mario Visconti,1486.88
207176,Muhammad Althaf Dhaifullah,1486.87
101274,Udo Riglewski,1486.87
105960,Evan King,1486.87
108996,Mahmoud Nader Al Baloushi,1486.86
103317,Gabor Jaross,1486.85
105427,Milos Sekulic,1486.83
102406,Thomas Dupre,1486.83
134087,Johannes Ingildsen,1486.79
103659,Wei Jen Cheng,1486.76
102615,Dennis Van Scheppingen,1486.75
202316,Dac Tien Nguyen,1486.73
108756,Goudjo Gbedey,1486.73
108967,Vitaliy Pavlov,1486.73
105311,Joao Sousa,1486.72
103704,Vladimir Obradovic,1486.71
206768,Rafael Eduardo Gonzalez Retana,1486.7
101600,Daniel Courcol,1486.69
102929,Ryan Wolters,1486.68
102273,David Salvador Estepa,1486.68
108971,Georgio Bedran,1486.67
103822,Scott Lipsky,1486.66
104438,Oscar Rodriguez Sanchez,1486.66
108710,Shendrit Deari,1486.65
144841,Christian Sigsgaard,1486.65
101617,Dennis Schmid,1486.65
108813,Rafael Goscinny,1486.63
104667,Philipp Oswald,1486.63
106782,Colin Grant,1486.63
108709,Dario Acosta,1486.63
104478,Hyun Woo Nam,1486.63
108893,Tarek Ben Soltane,1486.62
101317,John Sullivan,1486.62
103647,Jun Kato,1486.61
103825,Zsolt Tatar,1486.61
208361,Gustavo Heide,1486.61
108731,Roland Theisen,1486.6
122513,Andrei Soltoianu,1486.6
211768,Manas Dhamne,1486.6
108635,Juan Pablo Barboza,1486.58
101961,Martin Stringari,1486.57
108799,Jorge Tejada,1486.56
105963,Arthur De Greef,1486.56
103546,Patricio Arquez,1486.54
111444,Karim Hossam,1486.53
108802,David Cardoza,1486.52
108957,Jorge Villanueva,1486.51
103711,Jaroslav Levinsky,1486.46
208118,Eliot Spizzirri,1486.45
108698,Slah Mbarek,1486.39
103037,Andrew Carlson,1486.39
103435,Massimo Dellacqua,1486.33
108589,Vasuthevan Ortchuan,1486.32
108905,Mansur Yakhyaev,1486.31
105048,Alex Clayton,1486.3
104718,Luis Diaz Barriga,1486.26
102778,Abdul Hamid Makhkamov,1486.25
104156,Sunil Kumar,1486.25
100800,Diego Perez,1486.23
102987,Andre Sa,1486.22
103076,Justin Oneal,1486.2
101668,Peter Nyborg,1486.19
108666,Harutyun Sofyan,1486.18
101316,Juan Rios,1486.18
108908,Mario Alberto Cayo,1486.17
105821,Riccardo Bellotti,1486.16
102161,Robert Kroll,1486.16
101575,Sulistyo Wibowo,1486.15
103924,Marc Fornell Mestres,1486.11
102168,Hector Moretti,1486.1
121411,Moez Echargui,1486.08
103402,Peter Clarke,1486.07
105120,Andres Molteni,1486.06
103949,Ivan Cerovic,1486.05
103374,Zoltan Boroczky,1486.03
108623,Rabi Bouhassoun,1486.03
208859,Francesco Passaro,1486.01
103270,Kristian Capalik,1486.0
123755,Daniel Elahi Galan,1485.99
102734,Lior Mor,1485.96
105189,Pavel Chekhov,1485.92
104236,Rouzbeh Kamran,1485.91
102467,Fazaluddin Syed,1485.9
108727,Tyler Chin,1485.89
102883,Tom Spinks,1485.89
209191,Oleksandr Ovcharenko,1485.85
207129,Yanki Erel,1485.84
104857,Robert Farah,1485.82
103775,Felipe Parada,1485.81
103516,Nathan Healey,1485.79
102817,Edwin Kempes,1485.79
200572,Nick Hardt,1485.78
105014,Antal Van Der Duim,1485.78
208367,Dimitri Badra,1485.77
105888,Toni Androic,1485.77
209403,Faris Zakaryia,1485.76
207785,George Loffhagen,1485.75
108868,Mariusz Zielinski,1485.75
101406,Wojtek Kowalski,1485.74
103643,Lauri Kiiski,1485.73
108729,Hassan Al Mousa,1485.72
105262,Fernando Romboli,1485.71
108719,Nemanja Kontic,1485.67
108712,Brandon Burke,1485.66
104863,Olivier Sajous,1485.65
102422,Michael Hill,1485.62
210202,Rodrigo Pacheco Mendez,1485.61
209866,Karlis Ozolins,1485.58
105711,Dino Marcan,1485.56
108684,Mehdi Bouabbane,1485.56
104693,Dominic Inglot,1485.55
104191,Ismar Gorcic,1485.55
104444,Ryan Henry,1485.49
200188,Matteo Martineau,1485.49
102588,Lars Rehmann,1485.47
104875,Denes Lukacs,1485.47
102537,Melvin Tong,1485.37
105233,Jeevan Nedunchezhiyan,1485.33
105016,Serguei Tarasevitch,1485.33
126681,Dawood Sayed Hashim,1485.3
102250,Emanuel Couto,1485.29
105967,Henri Laaksonen,1485.28
108869,Malcolm Birch,1485.28
101917,Grant Stafford,1485.25
101654,Michael Shyjan,1485.24
105634,Viktor Galovic,1485.23
106420,Gianluigi Quinzi,1485.19
105707,Nicolaas Scholtz,1485.17
108976,George Chantouria,1485.17
103097,Trevor Spracklin,1485.16
105284,Tuna Altuna,1485.14
100713,John Fitzgerald,1485.13
102194,Min Kyu Han,1485.11
102596,Christian Hill,1485.1
104760,Scott Oudsema,1485.08
101424,Brent Haygarth,1485.07
209225,Martin Antonio Vergara Del Puerto,1485.06
102647,Alberto Brause,1485.05
200247,Alexandar Lazarov,1485.05
108626,Antonio Van Grichen,1485.03
108617,Hussain Al Ashwak,1484.92
108609,Patrick Boza,1484.91
101436,George Cosac,1484.88
105730,Devin Britton,1484.87
126237,Gian Marco Moroni,1484.82
108842,Zulfiqar Ahmed,1484.81
104181,Victor Ionita,1484.77
101814,Colin Beecher,1484.77
102842,Toby Mitchell,1484.77
104251,Ti Chen,1484.74
211902,Henry Searle,1484.72
105169,Jean Andersen,1484.71
109529,Quang Huy Ngo,1484.66
102413,Andy Zingman,1484.65
102996,Franz Stauder,1484.64
101030,Goran Prpic,1484.62
208043,Ismael Changawa Ruwa Mzai,1484.61
108992,Alexei Belov,1484.58
101844,Heath Denman,1484.58
103577,Christopher Kas,1484.58
103782,Rameez Junaid,1484.54
207415,Daniel Michalski,1484.54
105278,Alexis Klegou,1484.52
126102,Nicolae Frunza,1484.51
104437,Dekel Valtzer,1484.5
104160,Lukas Dlouhy,1484.42
110781,Vasilly Kazhera,1484.41
149843,Conor Gannon,1484.33
104996,Alexander Blom,1484.29
126609,Patrik Niklas Salminen,1484.29
104692,Alexander Slabinsky,1484.28
101687,David Dilucia,1484.26
103204,Hugo Armando,1484.14
200095,Nicola Kuhn,1484.12
102723,Eduardo Medica,1484.12
210136,Mark Lajal,1484.1
108980,Luis Delgado,1484.09
102864,Frank Moser,1484.08
104446,Dinko Halachev,1484.08
106290,Filip Peliwo,1484.04
106057,Facundo Mena,1484.01
105341,Thomas Fabbiano,1483.97
209907,Viacheslav Bielinskyi,1483.96
103754,Mark Hilton,1483.95
103185,Mike Bryan,1483.89
102119,Chih Jung Chen,1483.77
106288,Mathias Bourgue,1483.7
103843,Marco Chiudinelli,1483.68
106252,Joao Pedro Sorgi,1483.67
104115,Marc Kimmich,1483.66
202382,Simen Sunde Bratholm,1483.64
104820,Erik Chvojka,1483.63
105561,Alessandro Giannessi,1483.62
103834,Levar Harper Griffith,1483.59
207587,Martins Rocens,1483.59
101234,Patrik Kuhnen,1483.58
102544,Pablo Bianchi,1483.58
202165,Alberto Lim,1483.53
105585,Ze Zhang,1483.52
102284,Filippo Messori,1483.48
106398,Pedro Cachin,1483.47
102912,Igor Tchelychev,1483.43
209871,Amr Elsayed Abdou Ahmed Mohamed,1483.42
104732,Phillip Simmonds,1483.4
123768,Collin Altamirano,1483.4
202260,Henri Squire,1483.37
104445,Jose Antonio Sanchez De Luna,1483.36
103559,David Sherwood,1483.28
103864,Mohamed Mamoun,1483.22
102557,Daniel Willman,1483.21
103104,Bjorn Rehnquist,1483.16
108956,Jesus Francisco Felix,1483.15
103254,Yves Allegro,1483.1
105471,Cesar Ramirez,1483.09
102669,Noam Behr,1483.01
105589,Gerald Melzer,1483.0
101662,Selvam Veerasingam,1482.95
104702,Michael Leong,1482.87
105819,Guido Andreozzi,1482.86
101097,Rick Leach,1482.85
108780,Lofo Ramiaramanana,1482.84
102473,Thomas Schiessling,1482.83
102169,Michael Joyce,1482.8
104856,Min Hyoek Cho,1482.79
101810,Asif Ismail,1482.75
104082,Hiroki Kondo,1482.71
101938,Bernardo Mota,1482.66
102060,Ignacio Martinez,1482.64
103468,Harsh Mankad,1482.62
104439,Vadim Davletshin,1482.54
105717,Tzvetan Mihov,1482.52
126204,Gerardo Lopez Villasenor,1482.51
105101,Blazej Koniusz,1482.5
102013,Blaz Trupej,1482.47
104272,Torsten Popp,1482.4
102323,Regis Lavergne,1482.35
101680,Zeeshan Ali,1482.31
104501,Xin Yuan Yu,1482.26
105987,Mikhail Biryukov,1482.24
102068,Omer Rashid,1482.21
106034,Yasutaka Uchiyama,1482.19
104070,Jesse Witten,1482.1
105161,Yann Marti,1482.05
108766,Samir Iftikhar,1482.04
105587,Tom Kocevar Desman,1481.96
104113,Carlos Salamanca,1481.92
103503,Robin Vik,1481.9
106247,Nik Razborsek,1481.89
124013,Eduardo Nava,1481.86
104729,Ivan Nedelko,1481.81
104453,Michael Ryderstedt,1481.81
105759,Henrik Sillanpaa,1481.78
101630,Clement Ngoran,1481.77
103061,Jan Boruszewski,1481.74
106816,Daniel Omaboe,1481.74
103852,Feliciano Lopez,1481.73
102528,Carlos Drada,1481.71
101638,Sean Karam,1481.7
104140,Dawid Olejniczak,1481.7
126283,Yunseong Chung,1481.69
104021,Marco Mirnegg,1481.68
102010,Clinton Marsh,1481.67
126177,Strong Kirchheimer,1481.65
103573,Rik De Voest,1481.6
126627,Johan Nikles,1481.59
101957,Milen Velev,1481.52
101841,Aleksandar Kitinov,1481.51
101685,Markus Naewie,1481.5
200075,Yshai Oliel,1481.41
109734,Skander Mansouri,1481.38
104797,Denis Istomin,1481.36
104945,James Mcgee,1481.36
126523,Bernabe Zapata Miralles,1481.24
209890,Mili Poljicak,1481.24
103948,Maximilian Abel,1481.21
100676,Yannick Noah,1481.15
103637,Marcelo Amador,1481.14
104986,Vishnu Vardhan,1481.14
106388,Pak Long Yeung,1481.14
211451,Gilles Arnaud Bailly,1481.1
200418,Karl Friberg,1481.03
125842,Adam Moundir,1480.99
104349,Rui Machado,1480.95
208071,Oleksii Krutykh,1480.92
101701,Bing Pan,1480.91
210274,Sebastian Dominko,1480.88
101608,Tom Kempers,1480.88
101190,Darren Cahill,1480.87
105515,Jordi Samper Montana,1480.86
104592,Ilija Bozoljac,1480.85
105098,Alexandre Sidorenko,1480.83
106391,Adrian Bodmer,1480.83
101892,Axel Finnberg,1480.78
103936,Todor Enev,1480.72
106227,Ji Sung Nam,1480.72
104269,Fernando Verdasco,1480.72
102001,German Lopez,1480.64
102103,Michael Sell,1480.63
104377,Theodoros Angelinos,1480.58
103583,Evghenii Plugariov,1480.55
210696,Alexander Blockx,1480.52
200278,Simon Carr,1480.48
102436,Borut Urh,1480.47
207277,Illia Biloborodko,1480.33
102192,Luis Adrian Morejon,1480.33
104059,Rasmus Norby,1480.31
102454,Hyeong Keun Song,1480.26
102780,Frederic Niemeyer,1480.25
101953,Kentaro Masuda,1480.25
103792,Joji Miyao,1480.18
103925,Gabriel Moraru,1480.16
104228,Guillem Burniol,1480.1
103530,Zack Fleishman,1480.03
108659,Dannio Yahya,1480.01
200277,Charles Broom,1479.99
104882,Blaz Kavcic,1479.99
101004,Jim Pugh,1479.91
104234,Predrag Rusevski,1479.77
103969,Roman Borvanov,1479.74
103437,Francesco Piccari,1479.71
105104,Robin Roshardt,1479.65
105551,Anil Yuksel,1479.64
102925,Justin Gimelstob,1479.63
104681,Sebastian Rieschick,1479.6
108995,Otakar Jurecka,1479.54
122047,Luciano Ramazzini,1479.54
103164,Artemi Tchernenko,1479.53
209976,Dino Prizmic,1479.52
103726,Jean Christophe Faurel,1479.49
103829,Cristian Paiz,1479.47
200473,Valentin Vacherot,1479.37
105270,Maxime Teixeira,1479.35
102491,Alex Radulescu,1479.34
104311,Leonardo Tavares,1479.33
108962,Razlan Rawi,1479.32
104812,Scoville Jenkins,1479.29
101746,Renzo Furlan,1479.26
104951,Aljoscha Thron,1479.25
105426,Michael Linzer,1479.24
102982,Yaoki Ishii,1479.19
104893,Maxime Authom,1479.17
102963,Robert Lindstedt,1479.1
102868,Jonathan Printzlau,1479.1
209262,Tristan Schoolkate,1479.08
108804,Diadji Ka,1479.01
104225,Jan Hajek,1479.0
108760,Slim Hamza,1478.95
111506,Maxime Hamou,1478.94
103290,Radim Zitko,1478.93
103920,Sanchai Ratiwatana,1478.92
102777,Larbi Rharnit,1478.81
125803,Daniel Windahl,1478.77
103642,Shan Jiang,1478.76
104802,Fabrice Martin,1478.74
111511,Noah Rubin,1478.72
105001,Mao Xin Gong,1478.71
123969,Minhtuan Pham,1478.71
108344,Tai Wei Liu,1478.65
105497,Jose Hernandez,1478.64
105148,Hsin Han Lee,1478.61
104778,Andrey Kumantsov,1478.57
108743,Rajeev Rajapakse,1478.55
108214,Scott Clark,1478.54
108824,Daryl Delicata,1478.49
103510,Rob Steckley,1478.47
103441,Nikola Gnjatovic,1478.45
105448,Hsien Yin Peng,1478.41
105292,Alejandro Gonzalez,1478.4
102377,Reza Nakhai,1478.38
101906,Yasufumi Yamamoto,1478.37
104486,Horia Tecau,1478.33
108811,Christophe Boggetti,1478.33
101167,Jaime Cortes,1478.32
144940,Mattias Siimar,1478.31
105302,Ante Pavic,1478.25
105091,Peter Torebko,1478.24
104253,Juan Martin Aranguren,1478.22
104378,Yordan Kanev,1478.22
109054,Daniel Masur,1478.19
104970,Matteo Viola,1478.17
105733,Rhyne Williams,1478.16
101602,Jack Waite,1478.13
101594,Carsten Arriens,1478.13
102983,Henrik Andersson,1478.11
101096,Gary Muller,1478.07
103963,Filip Urban,1478.06
102735,Cedric Kauffmann,1478.05
102090,Ofer Sela,1478.04
108929,Sergio Rojas,1478.03
101333,Mark Ferreira,1478.02
110536,Kevin King,1478.01
104850,Jonathan Dasnieres De Veigy,1478.0
101554,Mark Markov,1477.99
100284,Jimmy Connors,1477.98
111806,Fajing Sun,1477.93
200240,Vit Kopriva,1477.83
108754,Esam Abdulaal,1477.83
108932,Pfungwa Mahefu,1477.78
103019,Evgeni Mikheev,1477.75
121331,Pablo Nunez,1477.72
105006,Chu Huan Yi,1477.71
123961,Murkel Alejandro Dellien Velasco,1477.69
108734,Fredrik Ask,1477.65
108469,Victor Caldarelli,1477.64
104654,Baris Erguden,1477.58
102654,Steven Downs,1477.58
101341,Pablo Albano,1477.55
108983,Ali Ismaeel,1477.54
121896,Gabor Borsos,1477.5
207759,Matthew Foster Estwick,1477.48
108674,Jerry Joseph,1477.43
101203,Adrian Graimprey,1477.4
207794,Younes Lalami Laaroussi,1477.37
123915,Arturs Lazdins,1477.35
102957,Vadim Kutsenko,1477.31
103672,Ricardo Mello,1477.29
104479,Sarvar Ikramov,1477.28
110778,Joao Menezes,1477.26
208182,Saba Purtseladze,1477.21
106620,Bertrand Lacombe,1477.19
103181,Jiri Vanek,1477.13
103564,Jakub Herm Zahlava,1477.12
102490,Pantelis Moschoutis,1477.1
101779,Pavel Vizner,1477.05
104325,Johannes Ager,1477.04
104067,Goran Tosic,1477.03
106324,Vaclav Safranek,1477.02
126116,Jacob Coenraad De Klerk,1476.98
102030,Andrew Foster,1476.95
101688,Geoff Grant,1476.91
103282,Tiago Sousa,1476.87
103483,James Shortall,1476.85
202090,Adrian Andreev,1476.85
108655,Ivor Grazette,1476.82
124022,Chun Hun Wong,1476.8
104179,Bruno Echagaray,1476.76
101591,Danny Sapsford,1476.75
104934,Thomas Kromann,1476.73
200080,Puriwat Chatpatcharoen,1476.72
111751,Andres Bucaro,1476.72
105286,Greg Jones,1476.71
109698,Christoffer Konigsfeldt,1476.69
103162,Dejan Petrovic,1476.53
108809,Karim Zaher,1476.52
108697,Mahmoud Ezz,1476.48
102818,Sergi Duran,1476.48
104348,Dias Doskarayev,1476.48
108765,Jean Marc Bazanne,1476.48
108703,Eleftherios Christou,1476.47
144687,Quinton Vega,1476.43
108901,Zibusiso Ncube,1476.42
108886,Michael John Misa,1476.4
200672,Sergey Fomin,1476.38
108629,Rodrigo Gabriel,1476.33
108882,Mark Choy,1476.32
132040,Philip Wilbert Major,1476.25
102208,Rob Givone,1476.2
104188,Diego Camacho,1476.18
103230,Tasuku Iwami,1476.15
123828,Jan Choinski,1476.15
108910,Matthew Prentice,1476.13
103125,Joan Jimenez Guerra,1476.1
102145,Francisco Cabello,1476.09
104011,Lefteris Alexiou,1476.04
102153,German Puentes,1476.02
103046,Janne Ojala,1476.01
105305,Valentin Dimov,1476.01
108677,Daniel Isaza,1476.01
105547,Dean Obrien,1475.96
126223,Abdulhameed Alshatti,1475.94
108866,Denis Ivancovas,1475.92
108876,El Hadj Diedhiou,1475.9
108912,Janis Skroderis,1475.9
108848,Khaled Al Haji,1475.9
108875,Abou Berthe,1475.9
105798,Tilen Zitnik,1475.89
108923,Wahib Maknieh,1475.89
108736,Sebastian Moreno,1475.88
100939,Joey Rive,1475.88
103761,Tomas Cakl,1475.88
127326,Ben Patael,1475.86
108612,Sergei Cuptov,1475.86
108864,Sergei Baranov,1475.85
101829,Federico Sanchez,1475.83
102814,Iurie Gorban,1475.83
104297,Rogerio Dutra Silva,1475.82
103534,Nicolas Devilder,1475.8
108587,Kerlin Leon Zamora,1475.79
105221,Mauricio Doria Medina,1475.79
102605,Jaka Bozic,1475.76
108596,Ramin Raziyani,1475.73
111436,Nick Chappell,1475.71
105601,Cristobal Saavedra Corvalan,1475.7
102720,Tomas Zib,1475.67
101722,Han Cheol Shin,1475.64
108797,Luis Diego Nunez,1475.64
100954,Luiz Mattar,1475.62
108653,Troy Stone,1475.6
125573,Michael Massih,1475.6
104565,Hyun Joon Suk,1475.59
105482,Vijayant Malik,1475.58
101996,David Mullins,1475.56
104717,Brendan Evans,1475.53
103130,Louis Vosloo,1475.52
103015,Daniel Melo,1475.5
105250,Mehdi Jdi,1475.45
108859,Jesse Smatt,1475.45
101946,Milko Petkov,1475.45
108986,Gilbert Wong,1475.45
108182,Ruben Alvarenga,1475.45
108881,Ju Min Lam,1475.45
108926,David Kvernadze,1475.45
108921,Mohammed Noor Noordin,1475.45
105402,Peerakiat Siriluethaiwattana,1475.44
104988,Vivek Shokeen,1475.43
111578,Stefan Kozlov,1475.43
108949,Jose Zunino,1475.4
107185,Hector Nevares,1475.4
104336,Gvidas Sabeckis,1475.39
102283,Yari Bernardo,1475.37
108803,Jean Max Mangones,1475.36
202219,Tomas Vaise,1475.36
108584,Alexander Vasquez,1475.36
100870,Christo Van Rensburg,1475.32
108718,Vicente Elberto Anasta,1475.32
104028,Goncalo Nicau,1475.32
207852,Wai Yu Kai,1475.31
101477,Chris Bailey,1475.28
103682,Kyu Tae Im,1475.21
108870,Chee Yen Chen,1475.19
108704,Konstantinos Mikos,1475.19
103807,Raimonds Sproga,1475.17
118591,Russell Moseley,1475.13
211326,Gunawan Trismuwantara,1475.1
106201,Maxim Dubarenco,1475.08
108834,Tawfiq Moafa,1475.08
108890,Juan Carlos Rebaza Lozano,1475.05
101327,Cyril Suk,1475.05
104644,Riccardo Ghedin,1475.04
108853,Allan Cooper,1475.02
108914,Rachid Baba Aissa,1475.01
105911,Andrea Collarini,1475.01
108689,Goran Bosalevski,1475.0
108827,Mike Amoah,1475.0
103209,Leonardo Azzaro,1474.99
209971,Michael Bassem Sobhy,1474.98
101748,Ivan Keskinov,1474.97
108835,Manjule Weerakoon,1474.96
102147,Oliver Fernandez,1474.95
105180,Daniel Dutra Da Silva,1474.94
104615,Ranjeet Virali Murugesan,1474.9
102999,Stefano Galvani,1474.9
102246,Fernando Samayoa,1474.88
103974,Aivaras Balzekas,1474.88
108627,Kevin Jonckheer,1474.87
101596,Mohamed Ridaoui,1474.8
108443,Toshitsugu Mori,1474.78
209869,Rodrigo Crespo Piedra,1474.78
105111,Ivan Endara,1474.72
145023,Maxim Bulat,1474.7
104171,Richard Bloomfield,1474.69
103684,Benedikt Dorsch,1474.66
102132,Ivan Baron,1474.64
101377,Christian Bergstrom,1474.64
212717,Davis Rolis,1474.63
108832,Thorsten Poelzl,1474.62
106246,Robin Kern,1474.61
108650,Peit Hein Boekel,1474.55
108733,Jose Medrano,1474.55
108839,Christopher Lai,1474.54
104603,Andrei Ciumac,1474.52
108695,Roman Margoulis,1474.51
103668,Lazar Magdincev,1474.47
209943,Ilya Snitari,1474.46
144760,Amine Ahouda,1474.45
209405,Daniel Rincon,1474.43
118053,Ognian Kolev,1474.39
101119,Marian Vajda,1474.35
104001,Brian Wilson,1474.32
108683,Kenneth Tuilier Curco,1474.3
101593,Chris Garner,1474.29
101577,Jia Ping Xia,1474.28
132932,Franz Luna Lavidalie,1474.27
103592,Jerome Haehnel,1474.27
104213,Tigran Martirosyan,1474.26
105145,Jaak Poldma,1474.24
108961,Abd Hazli Bin Zainuddin,1474.23
110686,Finn Tearney,1474.23
103543,David Marrero,1474.23
108865,Gitanas Mazonas,1474.16
144771,Sebastian Quiros,1474.15
101671,Dede Suhendar Dinata,1474.14
108687,Rami Osman,1474.14
108789,Rafa Orantes,1474.13
106184,Hong Chung,1474.1
111505,Enzo Couacaud,1474.09
108724,Valentin Rahmine,1474.07
101840,Jacobo Chavez,1473.98
102524,Neville Godwin,1473.98
105566,Shahin Khaledan,1473.96
108660,Fadi Youssef,1473.96
132482,Liam Caruana,1473.95
104676,Andreas Beck,1473.95
200587,Brandon Holt,1473.92
106090,Daniel Berta,1473.85
144772,Salvador Andres Bolanos,1473.83
105131,Tim Goransson,1473.74
108873,Maurizio Capello,1473.73
104230,Daniel Koellerer,1473.73
101989,Patrik Langvardt,1473.73
209920,Raphael Collignon,1473.67
107382,John Farrington,1473.67
103350,Denis Golovanov,1473.65
111795,Filippo Baldi,1473.63
102655,Jimy Szymanski,1473.6
103238,Jean Claude Scherrer,1473.59
108883,Kuen Yiep Ho,1473.57
102961,Nicklas Timfjord,1473.55
122548,Edan Leshem,1473.54
108796,Rafael Jordan,1473.44
108818,Givi Samkharadze,1473.44
101997,Marzio Martelli,1473.41
103937,Irakli Ushangishvili,1473.38
108808,Eugenius Cariovas,1473.36
108975,Petros Baghdatis,1473.35
104914,Ervin Eleskovic,1473.33
108706,Sulaiman Al Rawahi,1473.33
108816,Isaac Donkor,1473.3
105359,Jason Jung,1473.26
134886,Sharmal Dissanayake,1473.25
105231,Luka Belic,1473.13
108662,Lavaughn Munroe,1473.12
102207,Jan Weinzierl,1473.11
108944,Stanislav Bykov,1473.1
101926,Andrei Merinov,1473.1
101924,Stefano Pescosolido,1473.09
104689,Terence Nugent,1473.07
101022,Kelly Jones,1473.06
208293,Gonzalo Bueno,1473.05
103080,Paul Hanley,1473.02
105254,Nikola Mektic,1472.97
103736,Diego Acuna,1472.96
103035,Alessio Di Mauro,1472.94
104154,Paul Capdeville,1472.91
144775,Linh Giang Trinh,1472.87
134114,Jad Ballout,1472.84
106392,Thien Nguyen Hoang,1472.82
102002,Davide Scala,1472.79
105703,Jesus Bandres,1472.79
103525,Ivan Miranda,1472.75
104126,Adam Kennedy,1472.74
108916,Ricardo Gonzalez Diaz,1472.73
104944,Niels Desein,1472.73
126409,Hugo Grenier,1472.62
102572,Igor Gaudi,1472.53
104700,Daniel Vallverdu,1472.53
102862,Allen Belobrajdic,1472.5
101797,Jacco Eltingh,1472.49
104035,Bobby Reynolds,1472.48
104512,Ergun Zorlu,1472.46
101412,Shuzo Matsuoka,1472.3
108781,Ando Rasolomalala,1472.29
207841,Muhammad Shoaib,1472.28
105528,Alexander Ward,1472.25
103523,Rohan Bopanna,1472.21
102239,Francisco Costa,1472.08
105747,Karim Mohamed Maamoun,1472.02
105367,Daniel Alejandro Lopez Cassaccia,1472.02
103256,Ivan Vajda,1471.95
102997,Hermes Gamonal,1471.91
101444,Bonit Wiryawan,1471.74
102577,Steven Randjelovic,1471.7
106136,Warit Sornbutnark,1471.41
108993,Abdulla Hajji,1471.39
104014,Lee Childs,1471.38
104842,Salifu Mohammed,1471.12
212021,Martin Landaluce,1471.11
106167,Joris De Loore,1471.03
105906,Kevin Krawietz,1471.01
102984,Martin Garcia,1470.96
105299,Dzmitry Zhyrmont,1470.92
103470,Robert Kendrick,1470.8
102083,Nick Gould,1470.73
106110,Filip Horansky,1470.7
106291,Luke Saville,1470.67
103851,Conor Niland,1470.64
102135,Emilio Benfele Alvarez,1470.6
101823,Gerald Mandl,1470.59
111574,Jc Aragone,1470.52
102979,Jeff Coetzee,1470.47
103921,Sonchat Ratiwatana,1470.47
102785,Glenn Weiner,1470.4
102567,George Bastl,1470.4
103298,Piotr Szczepanik,1470.4
102466,Jan Kroslak,1470.37
103893,Paolo Lorenzi,1470.31
200031,Lucas Catarina,1470.31
101214,Bryan Shelton,1470.29
102855,Jack Brasington,1470.26
104997,Igor Sijsling,1470.21
102235,Tommy Ho,1470.13
102078,Jorge Gonzalez,1470.12
207738,Brandon Perez,1470.03
208260,Zachary Svajda,1469.98
101332,Gilad Bloom,1469.93
101929,Joost Winnink,1469.91
103520,Pavel Snobel,1469.91
126612,Alexander Cozbinov,1469.85
103385,Paul Baccanello,1469.78
105099,Antonio Veic,1469.63
101145,Jonathan Canter,1469.42
102790,Yu Zheng,1469.4
102359,Andrew Richardson,1469.31
102791,Bobby Kokavec,1469.27
108939,Rasid Winklaar,1469.21
105372,Issam Al Tawil,1469.06
101849,Nicola Bruno,1468.92
144642,Tomas Barrios Vera,1468.89
101270,Thomas Gollwitzer,1468.78
106250,Luis Patino,1468.78
108604,Pascal Schaul,1468.75
108602,Alti Vahkal,1468.72
104635,Robert Smeets,1468.68
104299,Hiu Tung Yu,1468.67
100754,Rafael Avalos Brenes,1468.56
102463,Lucas Arnold Ker,1468.56
122570,Mubarak Shannan Zayid,1468.49
106381,Temur Ismailov,1468.32
106244,Oliver Golding,1468.27
102520,Olivier Malcor,1468.15
104658,Gustavo Ramirez,1468.08
209863,Leo Borg,1468.08
103403,Takahiro Terachi,1468.01
101441,Martin Sinner,1467.98
103708,Jaroslav Pospisil,1467.9
103586,Mariusz Fyrstenberg,1467.82
102554,Diego Moyano,1467.81
106024,Dovydas Sakinis,1467.72
108696,Philippe Grandjean,1467.7
105872,Christian Lindell,1467.68
108594,Johnny Arcilla,1467.63
103005,Denis Yakimenko,1467.63
102458,Jim Thomas,1467.55
108793,Goran Sterijovski,1467.47
103026,Teo Susnjak,1467.43
108952,Jose Roberto Velasco,1467.42
108931,Enzo Pigola,1467.39
108597,Adelo Abadia,1467.28
108628,Jhonnatan Medina Alvarez,1467.27
102902,Thomas Blake,1467.26
105450,Mike Urbanija,1467.26
102047,Pier Gauthier,1467.18
103657,Ivo Klec,1467.16
105166,Peter Polansky,1467.05
101120,Karel Novacek,1466.95
108641,Fredrik Aarum,1466.95
108920,Federico Rodriguez,1466.94
210319,Ethan Quinn,1466.93
108849,Rohan De Silva,1466.85
108898,Christopher Eldon,1466.77
108632,Federico Camacho,1466.74
206600,Zura Tkemaladze,1466.65
108812,Jose Baires,1466.41
102351,Oscar Martinez,1466.34
101947,Vincenzo Santopadre,1466.23
101280,Mikael Stadling,1466.21
108918,Favel Antonio Freyre Perdomo,1466.19
103281,Ladislav Svarc,1466.18
102501,Johan Landsberg,1466.06
103377,Seung Hoon Lee,1466.05
106243,Mate Delic,1465.97
108588,Asim Shafik,1465.9
105434,Ruan Roelofse,1465.84
108909,Jalil Khan,1465.84
102872,James Sekulov,1465.83
102502,Paul Harsanyi,1465.76
108690,Ayrton Wibowo,1465.7
105579,Kittipong Wachiramanowong,1465.69
106299,Bar Tzuf Botzer,1465.66
101612,Roland Burtscher,1465.63
101567,Hendrik Jan Davids,1465.62
105720,Stanislav Vovk,1465.59
200218,Mate Valkusz,1465.58
102756,Eduardo Rincon,1465.47
144773,Jose Olivares,1465.44
105122,Karlis Lejnieks,1465.4
202462,Yasitha De Silva,1465.32
102279,Gehad El Deeb,1465.3
102219,Juan Garat,1465.27
105463,Charalampos Kapogiannis,1465.16
103429,Peter Luczak,1465.09
210119,Andrej Nedic,1465.03
208819,Max Hans Rehberg,1465.02
105559,Jonathan Eysseric,1465.01
104258,Juan Enrique Crosa,1465.0
101606,Alberto Mancini,1464.96
104752,Dilshod Sharifi,1464.91
105331,Petru Alexandru Luncanu,1464.9
144747,Courtney John Lock,1464.86
105841,Lorenzo Giustino,1464.81
105679,Eduardo Struvay,1464.78
104629,Adrian Menendez Maceiras,1464.78
108625,Mohammed Rajan Sundera Karuppiah,1464.68
108930,Juan Carlos Ramirez,1464.66
104628,Alexander Kudryavtsev,1464.64
105030,Michael Venus,1464.61
101731,Nuno Marques,1464.57
101106,Peter Lundgren,1464.57
145016,Julian Saborio,1464.55
103674,Jonathan Igbinovia,1464.55
108634,Rodrigo Vallejo,1464.54
105662,Tomislav Jotovski,1464.52
101536,Murphy Jensen,1464.37
103082,Markus Hantschk,1464.26
108661,Dentry Mortimer,1464.23
102018,Tamer El Sawy,1464.17
103202,Oscar Serrano,1464.09
101475,Carlos Costa,1464.08
101506,Eoin Collins,1463.99
101869,Juan Luis Tati Rascon,1463.99
200618,Adam Hornby,1463.89
104216,Maximo Gonzalez,1463.84
103427,Yew Ming Si,1463.82
111805,Seong Chan Hong,1463.79
209147,Vilius Gaubas,1463.72
100772,Kelly Evernden,1463.61
101154,Simon Youl,1463.57
105626,Takanyi Garanganga,1463.55
108768,Gabriel Flores Ruiz,1463.54
104036,Simon Rea,1463.53
104464,Abdul Mumin Babalola,1463.52
108795,Jean Noel Said,1463.45
102282,Tetsuya Chaen,1463.44
106223,Aleksandre Metreveli,1463.4
200620,Ignacio Garcia,1463.38
102190,Philippe Moggio,1463.32
108946,Brett Baudinet,1463.3
108730,Sten Sumberg,1463.21
102770,John Van Lottum,1463.14
105187,Daniel Danilovic,1463.13
101205,Grant Connell,1463.08
108645,Musaad Al Jazzaf,1463.05
108675,Iphton Louis,1463.04
101284,Lars Anders Wahlgren,1463.01
108790,Nicholas Malcolm,1462.98
108833,Farah Al Somali,1462.96
108657,Alexander Skrypko,1462.95
137018,Ayed Zatar,1462.91
108779,Jacob Rasolondrazana,1462.87
132374,Jesse Flores,1462.83
108828,Emmanuel Udozorh,1462.75
101407,David Engel,1462.65
108711,Christopher Lawson,1462.64
108819,Irakli Kunchulia,1462.49
101460,Jose Francisco Altur,1462.48
144949,Menelaos Efstathiou,1462.47
102511,Sven Koehler,1462.27
108814,Konstantinos Effraimoglou,1462.19
108815,Kojo Atiso,1462.19
106006,Agustin Velotti,1462.12
105431,Ariel Behar,1462.09
108652,Shane Stone,1462.08
200611,Elliot Benchetrit,1462.05
105283,Gerard Granollers,1461.99
101573,Carl Chang,1461.95
102903,Eyal Erlich,1461.91
111459,Arjun Kadhe,1461.87
105194,Nick Lindahl,1461.83
108762,Andres Weisskopf,1461.83
103760,Haluk Akkoyun,1461.73
105454,Brydan Klein,1461.71
108841,Mubarak Al Tobaishi,1461.68
104494,Adrian Ungur,1461.58
108605,Sacha Thoma,1461.53
210262,Jaime Faria,1461.47
102310,Seung Bok Baek,1461.19
108748,Lukas Mugevicius,1461.13
108878,Lency Tenai,1461.03
106150,Jeson Patrombon,1460.96
108974,Christopher Koutrouzas,1460.95
105015,Franko Skugor,1460.73
210317,James Mccabe,1460.72
102348,Hideki Kaneko,1460.61
103490,Santiago Ventura,1460.59
106072,Alexey Vatutin,1460.54
101660,Francisco Montana,1460.5
104905,Nicolas Barrientos,1460.48
103169,Oscar Hernandez,1460.45
108598,Rolando Ruel,1460.42
105894,Javier Marti,1460.32
105852,Viktor Filipenko,1460.22
101940,Rene Busch,1460.21
108785,Anthony Marshall,1460.14
101868,Dick Norman,1460.14
104779,Jamie Baker,1460.12
103240,Kevin Kim,1460.07
102368,Brian Dunn,1460.04
101432,Dimitri Poliakov,1460.0
103837,Didac Perez,1460.0
108624,Hazuan Hizan,1459.96
104810,Zhe Li,1459.94
103971,Karol Beck,1459.75
101468,Gerard Solves,1459.67
101389,Oren Motevassel,1459.63
104569,Lado Chikhladze,1459.52
126120,Nino Serdarusic,1459.41
111576,Sumit Nagal,1459.37
101311,Kent Kinnear,1459.36
101649,Guillermo Perez Roldan,1459.32
102118,Radomir Vasek,1459.25
106198,Hugo Dellien,1459.24
103101,Daouda Ndiaye,1459.17
106207,Mate Pavic,1459.04
103580,Alexander Peya,1458.98
103544,Andy Ram,1458.95
101276,Horacio De La Pena,1458.91
103395,Julio Silva,1458.86
104816,Karan Rastogi,1458.83
117360,Marc Polmans,1458.78
101400,Sofronio Palahang,1458.76
200096,Dragos Nicolae Madaras,1458.75
106309,Wisnu Adi Nugroho,1458.74
101124,Paolo Cane,1458.61
101485,Tanakorn Srichaphan,1458.61
102802,Gunther Darkey,1458.6
101866,David Rikl,1458.59
102464,Todd Larkham,1458.58
103472,Karim Maamoun,1458.55
126125,Maxime Janvier,1458.53
106093,Benjamin Mitchell,1458.52
105002,Timothy Neilly,1458.43
202120,Rowland Phillips,1458.42
103676,Michael Yani,1458.36
104714,Julian Reister,1458.12
105831,Marko Djokovic,1457.88
105827,Laurynas Grigelis,1457.85
104121,Tobias Summerer,1457.77
101893,Patrick Mohr,1457.76
104027,Pablo Gonzalez,1457.75
105009,Elbert Sie,1457.63
105781,Andrei Vasilevski,1457.62
124014,Ernesto Escobedo,1457.54
106342,Martins Podzus,1457.49
102231,Alex Calatrava,1457.43
101819,Frederic Vitoux,1457.41
105229,Philip Bester,1456.98
101574,Alejandro Aramburu,1456.91
105638,Daniel Cox,1456.75
102055,Bertrand Madsen,1456.7
210220,Edas Butvilas,1456.58
101492,Sander Groen,1456.5
102918,Efe Ustundag,1456.49
101775,Frederik Fetterlein,1456.39
102444,Scott Barron,1456.33
101439,Javier Sanchez,1456.24
134677,Juan Borba,1456.04
117361,Akira Santillan,1455.98
108373,Thierno Ly,1455.94
102730,Ivo Heuberger,1455.69
102234,Oliver Gross,1455.69
103506,Martin Vassallo Arguello,1455.6
102410,David Caldwell,1455.56
202378,Ignacio Carou,1455.44
104783,Mikhail Ledovskikh,1455.43
102800,Nenad Zimonjic,1455.4
102067,Emanuel Rasberger,1455.38
209916,Marko Topo,1455.37
106325,Jabor Al Mutawa,1455.25
104182,Sasa Tuksar,1455.22
102881,David Skoch,1455.2
101101,Richard Ashby,1455.19
208485,Kiranpal Pannu,1455.12
108778,Christos Hadjigeorgiou,1455.04
108705,Anis Ghorbel,1454.94
103198,Justin Bower,1454.9
144776,Christophe Tholl,1454.85
207836,Muzammil Murtaza,1454.82
105757,Sandro Ehrat,1454.82
101490,Daniel Orsanic,1454.78
104550,Ricardo Hocevar,1454.76
108985,Ali Ghareeb,1454.75
102267,Gwinyai Tongoona,1454.62
144814,Eero Vasa,1454.58
124154,Sasi Kumar Mukund,1454.55
101515,Donald Johnson,1454.46
101781,Robert Angelo,1454.23
107310,Jean Nabi,1454.19
209868,Kaipo Marshall,1454.19
108872,Yang Tat Lim,1454.01
209406,Abedallah Shelbayh,1453.99
106077,Mike Vermeer,1453.95
104907,Jose Rubin Statham,1453.93
105394,Ilija Martinoski,1453.91
108772,Julius Tverijonas,1453.88
108940,David Josepa,1453.84
102165,Srinath Prahlad,1453.8
105155,Pedro Sousa,1453.78
102776,Andrew Ilie,1453.72
109257,Ignaci Roca,1453.68
102851,Giorgio Galimberti,1453.62
101473,Jozsef Krocsko,1453.51
104847,Adrien Bossel,1453.5
104215,Andrei Gorban,1453.47
108959,Eldad Campbell,1453.44
105177,Aditya Hari Sasongko,1453.39
104909,Sunu Wahyu Trijati,1453.38
108691,Khalid Al Nabhani,1453.35
102254,Ouassel Hared,1453.34
106100,Micke Kontinen,1453.33
126340,Viktor Durasovic,1453.32
123921,Calvin Hemery,1453.3
106099,Salvatore Caruso,1453.28
101825,Manuel Tejada,1453.26
102354,Jerome Hanquez,1453.15
200250,Mehluli Don Ayanda Sibanda,1453.12
103857,Igor Kunitsyn,1453.07
103849,Francesco Aldi,1453.03
105606,Mohsen Hossein Zade,1452.95
104397,Laurent Recouderc,1452.93
108752,Shehab Shehab,1452.85
108825,Mark Schembri,1452.67
106293,Kimmer Coppejans,1452.64
108858,Jermaine Smith,1452.61
200711,Nicolas Mejia,1452.5
108592,Pavel Baranov,1452.28
207182,Emilio Nava,1452.12
123997,Joachim Bjerke,1452.1
102696,Guillaume Couillard,1452.01
101937,Robbie Koenig,1451.99
102304,Grant Doyle,1451.95
103131,Michihisa Onoda,1451.83
200045,Anthony Susanto,1451.81
104063,Mait Kunnap,1451.77
211571,Daniels Tens,1451.76
102574,Gabriel Trifu,1451.75
101165,Mario Tabares,1451.74
102529,Thomas Shimada,1451.7
103967,Michael Lammer,1451.66
104010,Dieter Kindlmann,1451.66
108792,Ognen Nikolovski,1451.66
108977,George Khrikadze,1451.63
102180,Charles Auffray,1451.58
102006,Brent Larkham,1451.44
102938,Alejandro Olivera,1451.36
108732,Carlos Martin Navarro Vergara,1451.35
102623,Thomas Larsen,1451.35
106277,Ariez Elyaas Deen Heshaam,1451.34
121908,Naser Al Obaidly,1451.29
108757,Jean Kome Loglo,1451.25
144854,Rudolfs Mednis,1451.25
211570,Cesar Cruz,1451.14
108879,Lawrence Tere,1451.1
105239,Daniel Glancy,1451.09
104563,Luca Vanni,1450.88
106368,Ramkumar Ramanathan,1450.82
144972,Geoffrey Blancaneaux,1450.82
102494,Tomas Behrend,1450.7
103154,Jaymon Crabb,1450.54
100757,Anders Jarryd,1450.42
108978,Nick Van Rosberg,1450.41
125572,Hillel Rousseau,1450.35
106035,Isak Arvidsson,1450.32
108692,Mohammed Al Nabhani,1450.26
126652,Jay Clarke,1450.19
102650,Roberto Carretero,1449.82
102836,Rogier Wassen,1449.73
101171,Armando Perez,1449.63
103872,Dimitar Grabuloski,1449.41
105586,Alexandar Lazov,1449.3
104851,Gianluca Naso,1448.92
101582,Gilbert Schaller,1448.83
104219,Stephane Bohli,1448.75
102668,Tapio Nurminen,1448.71
110602,Dennis Novak,1448.59
101561,Nicklas Utgren,1448.58
103114,Martin Lee,1448.36
102019,Dirk Dier,1448.26
103535,Olivier Patience,1448.03
105614,Bradley Klahn,1447.87
105432,Prajnesh Gunneswaran,1447.86
108972,Ibrahim Abou Chahine,1447.82
103109,Talal Ouahabi,1447.64
105154,Joao Souza,1447.41
108761,Mikelis Libietis,1447.39
101955,Luis Herrera,1447.07
102600,David Miketa,1446.85
102076,Mark Merklein,1446.65
103102,John Hui,1446.62
103165,Gorka Fraile,1446.54
108651,Sandor Martinez Breijo,1446.52
103216,Clemens Trimmel,1446.33
101543,Jeff Tarango,1446.3
208134,Luca Nardi,1446.26
105493,Tomislav Brkic,1446.21
101871,Alexander Reichel,1446.11
101534,Libor Nemecek,1446.1
102455,Lorenzo Manta,1446.09
102085,Sasa Hirszon,1446.02
102204,Nebojsa Djordjevic,1445.99
126964,Vitaliy Sachko,1445.89
102585,Sebastian Prieto,1445.87
108751,Bader Mohammed Almuqail,1445.86
101590,Eui Jong Chang,1445.85
108896,Shahzad Khan,1445.82
103408,Brian Vahaly,1445.75
104800,Mauricio Estivariz,1445.61
103700,Juan Pablo Guzman,1445.45
104261,Peng Sun,1445.39
108927,Edgar Hernandez Perez,1445.35
102667,Satoshi Iwabuchi,1445.33
102215,Joshua Eagle,1444.97
108821,Vladimir Margalitadze,1444.95
103894,Phillip King,1444.83
101071,Tom Nijssen,1444.75
108721,Philippos Tsangaridis,1444.73
103899,Stian Boretti,1444.56
102497,Mashiska Washington,1444.53
103715,Kirill Ivanov Smolensky,1444.49
200443,Adam Walton,1443.93
105349,Harri Heliovaara,1443.89
102472,Marcello Craca,1443.7
104117,Giovanni Lapentti,1443.64
106106,George Tsivadze,1443.52
102496,Scott Willinsky,1443.51
111515,Thai Son Kwiatkowski,1443.29
108782,Mahammad Abid,1443.26
101802,Ramayah Ramachandran,1443.18
108663,Bjorn Munroe,1443.09
102113,Daniele Musa,1442.96
108610,Tsolak Gevorgyan,1442.78
126689,Tadas Babelis,1442.69
208055,Ajeet Rai,1442.25
101719,Frederic Fontang,1442.16
133018,Michail Pervolarakis,1442.12
101681,Chris Wilkinson,1442.0
101855,Emmanuel Heussner,1441.85
102630,Slimane Saoudi,1441.68
111454,Li Tu,1441.5
101862,Maurice Ruah,1441.49
103976,Juan Pablo Brzezicki,1441.2
108699,Nodar Itonishvili,1441.04
102629,Oscar Burrieza,1441.01
101686,Franco Davin,1441.01
101016,Marcos Aurelio Gorriz,1441.0
101576,Ryuso Tsujino,1441.0
104503,Guillermo Hormazabal,1440.93
104789,Sherif Sabry,1440.52
101459,Tomas Nydahl,1440.45
101285,Thierry Champion,1440.28
108599,Ivo Lagzdins,1440.18
103675,Diego Junqueira,1440.18
101265,Patrick McEnroe,1439.98
103397,Alexandre Simoni,1439.97
117365,Petros Chrysochos,1439.81
104736,Farrukh Dustov,1439.74
106232,Roberto Cid,1439.22
105467,Jordi Munoz Abreu,1439.05
101354,Andrew Sznajder,1438.99
101298,Jonas Svensson,1438.86
108735,Rares Cuzdriorean,1438.86
105094,Paris Gemouchidis,1438.79
101675,Martin Rodriguez,1438.63
105909,Sam Barry,1438.58
104454,Murad Inoyatov,1438.56
102382,Julian Knowle,1438.45
101138,Pat Cash,1438.35
101430,Sergio Cortes,1438.34
102033,Abdelhak Hameurlaine,1438.32
108621,Seyed Akbar Taheri Rahaghi,1438.22
101123,Alexander Mronz,1438.17
103914,Omar Awadhy,1438.16
102694,Lars Burgsmuller,1437.91
103817,Yu Jr Wang,1437.75
102154,Marcos Ondruska,1437.75
103877,Mike Scheidweiler,1437.63
104873,Aleksandr Nedovyesov,1437.58
102536,James Greenhalgh,1437.37
102269,Jeff Salzenstein,1436.98
104831,Bartolome Salva Vidal,1436.87
101730,Piet Norval,1436.83
102687,Herbert Wiltschnig,1436.82
104004,Filip Prpic,1436.8
105943,Federico Gaio,1436.74
102685,Sebastien Graeff,1436.58
108646,Joseph Victorino,1436.46
103248,Harel Levy,1436.12
104308,Michal Przysiezny,1436.02
102812,Jicham Zaatini,1435.97
101902,Stephane Huet,1435.53
103709,Kristian Pless,1435.41
103118,Ion Moldovan,1435.37
103228,Marcos Daniel,1435.23
106362,Laurent Lokoli,1434.97
108800,Alexander Lehnhoff,1434.67
102595,Helge Koll,1434.64
107098,Gilles Kremer,1434.62
103318,Zeljko Krajan,1434.59
108958,Damion Johnson,1434.51
101865,Albert Chang,1434.11
104003,Victor Crivoi,1434.01
105159,Vaja Uzakov,1434.0
102548,Juan Antonio Marin,1433.65
101416,Joao Cunha Silva,1433.65
105085,Artem Smirnov,1433.53
104056,Roko Karanusic,1433.43
104095,David Guez,1433.36
108749,Sergis Kyratzis,1433.03
105853,Tigre Hank,1432.8
106005,Constant Lestienne,1432.59
102375,Dinu Pescariu,1432.58
111781,Janis Podzus,1432.51
101133,Patrick Baur,1432.2
101481,Omar Camporese,1431.95
102821,Cecil Mamiit,1431.94
101939,Erhan Oral,1431.87
102538,Tuomas Ketola,1431.75
101790,Elmar Gerth,1431.66
101353,Lionel Barthez,1431.62
101821,Peter Tramacchi,1431.55
108591,Adam Jaya,1431.3
101066,Richard Matuszewski,1431.19
100936,Henri Leconte,1431.16
106412,Lucas Gomez,1430.98
100763,Brad Gilbert,1430.89
103999,Thiago Alves,1430.79
104619,Jesse Huta Galung,1430.54
107481,Karl Hale,1430.52
108925,Ahmad Rabeea Muhammad,1430.51
103875,Anoosha Shahgholi,1430.31
101312,Robbie Weiss,1429.91
104463,Dmitriy Makeyev,1429.6
104864,Alex Kuznetsov,1429.3
103029,Mehdi Tahiri,1429.15
104000,Andrey Dernovskiy,1428.53
108614,Raoul Behr,1428.24
104270,Marvin Rolle,1428.04
104469,Erling Tveit,1427.88
103373,Sergio Roitman,1427.87
101549,Rodolphe Gilbert,1427.71
104770,Martin Fischer,1427.69
122109,Sanjar Fayziev,1427.46
103926,Daniel Munoz de la Nava,1427.08
104505,Konstantin Kravchuk,1426.73
101391,Carl Uwe Steeb,1426.51
108820,Ganiyu Adenekan,1426.37
105332,Benoit Paire,1426.23
103294,Christophe Rochus,1425.77
101920,Jamie Morgan,1425.45
102198,Paul Kilderry,1425.38
101381,Aaron Krickstein,1425.37
105731,Steven Diez,1425.2
101809,Nicolas Pereira,1425.03
103297,Alex Kim,1424.85
108836,Jayendra Wijeyesekera,1424.66
101063,Jordi Arrese,1424.56
103820,Alan Mackin,1424.01
105029,Sergey Betov,1423.95
102362,Amro Ghoneim,1423.89
104768,Juho Paukku,1423.68
105156,Federico Zeballos,1423.51
102966,Fredrik Jonsson,1423.36
102050,Marco Meneschincheri,1423.19
102831,Jacobo Diaz,1422.87
111167,Ugo Nastasi,1422.85
104868,James Ward,1422.2
104949,Weerapat Doakmaiklee,1422.17
102457,Miles Maclagan,1422.1
104656,Haydn Lewis,1421.78
101816,Steve Campbell,1421.63
103305,Daniel Elsner,1421.53
108786,Seanon Williams,1420.85
101362,Stephane Simian,1420.8
102069,Andrei Rybalko,1420.62
101249,Andrei Olhovskiy,1420.6
101780,Alejo Mancisidor,1420.29
101263,Luke Jensen,1420.29
101745,Roberto Jabali,1420.22
103007,Mounir El Aarej,1420.18
102285,Nasser Ghanim Al Khulaifi,1420.1
208278,Shintaro Mochizuki,1419.26
107552,Laurent Bram,1419.16
202358,Chun Hsin Tseng,1418.6
102965,Jamie Delgado,1418.6
102743,Ben Ellwood,1418.43
103891,Alexandros Jakupovic,1418.4
108747,Dineshkanthan Thangarajah,1417.89
101233,Alex Antonitsch,1417.82
103860,Timo Nieminen,1417.52
103693,Thierry Ascione,1417.46
105137,Pere Riba,1416.9
101977,Patricio Arnold,1416.58
101783,Mark Petchey,1416.58
100923,Wally Masur,1416.44
101417,Mario Rincon,1416.3
105812,David Agung Susanto,1416.25
102443,Barry Cowan,1416.19
101767,Lars Jonsson,1416.05
103201,Adrian Garcia,1416.03
101945,Thierry Guardiola,1415.43
108945,Juan Sebastian Langton,1415.16
101750,Cristiano Caratti,1414.88
104807,Mehdi Ziadi,1414.49
111790,Brayden Schnur,1414.09
101026,Jim Grabb,1413.62
104580,Haithem Abid,1412.71
105441,John Patrick Smith,1412.56
101636,Wade Mcguire,1412.41
101086,Ronald Agenor,1412.41
102088,Joern Renzenbrink,1411.92
101365,Paul Wekesa,1411.64
101710,Martin Blackman,1411.05
102243,Marcelo Charpentier,1409.54
102921,Ota Fukarek,1409.06
106105,Guilherme Clezar,1407.95
101682,David Adams,1407.86
101597,Louis Gloria,1407.69
104372,Alex Bogdanovic,1407.68
105899,Martin Cuevas,1407.59
105738,Tsung Hua Yang,1405.66
103568,Valentin Sanon,1405.17
106032,Facundo Arguello,1404.8
102339,Kris Goossens,1403.63
101552,Xavier Daufresne,1403.35
102950,Fernando Vicente,1402.87
101641,Jose Luis Noriega,1402.64
108982,Yasir Khan,1402.63
103009,Razvan Sabau,1402.45
103105,Ruben Ramirez Hidalgo,1402.24
100944,Mikael Pernfors,1401.98
101511,Horst Skoff,1401.95
104623,Josh Goodall,1401.52
104323,Photos Kallias,1400.38
100837,Jeremy Bates,1399.77
102220,Patrik Fredriksson,1399.75
102772,Yu Zhang,1399.54
102652,Christian Vinck,1399.54
101142,Emilio Sanchez,1398.11
102405,Mahesh Bhupathi,1397.67
108763,Alberto Emmanuel Alvarado Larin,1397.47
108740,Cyril Jacobe,1397.18
102214,Oscar Ortiz,1396.73
102971,Christophe Bosio,1394.2
102381,Werner Eschauer,1394.18
102139,Eyal Ran,1391.08
101826,Alex Lopez Moron,1391.03
101789,Steve Bryan,1389.9
101772,Andrei Cherkasov,1388.23
103413,Genius Chidzikwe,1388.23
117356,Cem Ilkel,1387.76
103835,Filippo Volandri,1387.56
101482,Markus Zoecke,1386.11
102956,Sultan Khalfan,1385.13
100997,Roger Smith,1382.36
101956,Mark Knowles,1382.01
101969,Orlin Stanoytchev,1379.89
101761,Jaime Oncins,1379.36
103799,Eric Prodon,1379.32
102795,Scott Humphries,1379.22
101224,Kenny Thorne,1379.19
102023,Petr Luxa,1366.26
101398,Neil Borwick,1359.63
102031,Sandor Noszaly,1358.86
108618,Karim Alayli,1352.7
102832,Andrian Raturandang,1350.35
